"GEO_ID","NAME","B19013_001E","B19013_001M",
"Geography","Geographic Area Name","Estimate!!Median household income in the past 12 months (in 2024 inflation-adjusted dollars)","Margin of Error!!Median household income in the past 12 months (in 2024 inflation-adjusted dollars)",
"860Z200US89010","ZCTA5 89010","63690","27377",
"860Z200US89019","ZCTA5 89019","45054","26804",
"860Z200US89060","ZCTA5 89060","50000","7483",
"860Z200US89061","ZCTA5 89061","77991","17242",
"860Z200US89439","ZCTA5 89439","101250","33769",
"860Z200US90001","ZCTA5 90001","60767","4102",
"860Z200US90002","ZCTA5 90002","59021","4153",
"860Z200US90003","ZCTA5 90003","56030","3054",
"860Z200US90004","ZCTA5 90004","64826","3586",
"860Z200US90005","ZCTA5 90005","49419","2251",
"860Z200US90006","ZCTA5 90006","51998","4269",
"860Z200US90007","ZCTA5 90007","35378","4750",
"860Z200US90008","ZCTA5 90008","61846","7304",
"860Z200US90010","ZCTA5 90010","101455","13157",
"860Z200US90011","ZCTA5 90011","59017","3471",
"860Z200US90012","ZCTA5 90012","66860","7124",
"860Z200US90013","ZCTA5 90013","36948","15371",
"860Z200US90014","ZCTA5 90014","31000","7850",
"860Z200US90015","ZCTA5 90015","69268","14077",
"860Z200US90016","ZCTA5 90016","73516","7034",
"860Z200US90017","ZCTA5 90017","52717","5664",
"860Z200US90018","ZCTA5 90018","62864","4261",
"860Z200US90019","ZCTA5 90019","73934","5263",
"860Z200US90020","ZCTA5 90020","61184","2990",
"860Z200US90021","ZCTA5 90021","32222","11563",
"860Z200US90022","ZCTA5 90022","67967","5383",
"860Z200US90023","ZCTA5 90023","59057","4332",
"860Z200US90024","ZCTA5 90024","76583","7174",
"860Z200US90025","ZCTA5 90025","103894","7781",
"860Z200US90026","ZCTA5 90026","87334","6504",
"860Z200US90027","ZCTA5 90027","94521","6285",
"860Z200US90028","ZCTA5 90028","61349","4148",
"860Z200US90029","ZCTA5 90029","60440","4584",
"860Z200US90031","ZCTA5 90031","63090","4342",
"860Z200US90032","ZCTA5 90032","82292","6261",
"860Z200US90033","ZCTA5 90033","59652","4666",
"860Z200US90034","ZCTA5 90034","105701","2188",
"860Z200US90035","ZCTA5 90035","105013","6953",
"860Z200US90036","ZCTA5 90036","109785","5813",
"860Z200US90037","ZCTA5 90037","57622","4204",
"860Z200US90038","ZCTA5 90038","61454","3973",
"860Z200US90039","ZCTA5 90039","113818","14100",
"860Z200US90040","ZCTA5 90040","74472","8260",
"860Z200US90041","ZCTA5 90041","114526","9207",
"860Z200US90042","ZCTA5 90042","95282","6985",
"860Z200US90043","ZCTA5 90043","64792","7475",
"860Z200US90044","ZCTA5 90044","53302","4785",
"860Z200US90045","ZCTA5 90045","135032","8173",
"860Z200US90046","ZCTA5 90046","96250","3433",
"860Z200US90047","ZCTA5 90047","71664","6132",
"860Z200US90048","ZCTA5 90048","103495","6293",
"860Z200US90049","ZCTA5 90049","170607","11595",
"860Z200US90052","ZCTA5 90052","-","**",
"860Z200US90056","ZCTA5 90056","133048","22316",
"860Z200US90057","ZCTA5 90057","44823","5163",
"860Z200US90058","ZCTA5 90058","37557","13350",
"860Z200US90059","ZCTA5 90059","56152","5024",
"860Z200US90061","ZCTA5 90061","61046","4443",
"860Z200US90062","ZCTA5 90062","67701","6971",
"860Z200US90063","ZCTA5 90063","72942","4239",
"860Z200US90064","ZCTA5 90064","135383","9567",
"860Z200US90065","ZCTA5 90065","94784","4932",
"860Z200US90066","ZCTA5 90066","114141","7172",
"860Z200US90067","ZCTA5 90067","195433","82766",
"860Z200US90068","ZCTA5 90068","101630","8377",
"860Z200US90069","ZCTA5 90069","107987","12190",
"860Z200US90071","ZCTA5 90071","-","**",
"860Z200US90073","ZCTA5 90073","-","**",
"860Z200US90077","ZCTA5 90077","206319","72504",
"860Z200US90079","ZCTA5 90079","-","**",
"860Z200US90089","ZCTA5 90089","-","**",
"860Z200US90094","ZCTA5 90094","145744","17860",
"860Z200US90095","ZCTA5 90095","-","**",
"860Z200US90201","ZCTA5 90201","60927","2161",
"860Z200US90210","ZCTA5 90210","187801","18411",
"860Z200US90211","ZCTA5 90211","122694","8770",
"860Z200US90212","ZCTA5 90212","118019","23923",
"860Z200US90220","ZCTA5 90220","82335","8007",
"860Z200US90221","ZCTA5 90221","72937","6640",
"860Z200US90222","ZCTA5 90222","78425","5934",
"860Z200US90230","ZCTA5 90230","107109","6271",
"860Z200US90232","ZCTA5 90232","122396","19549",
"860Z200US90240","ZCTA5 90240","101904","11427",
"860Z200US90241","ZCTA5 90241","88006","3918",
"860Z200US90242","ZCTA5 90242","89075","6213",
"860Z200US90245","ZCTA5 90245","150737","11117",
"860Z200US90247","ZCTA5 90247","77333","5881",
"860Z200US90248","ZCTA5 90248","91176","26247",
"860Z200US90249","ZCTA5 90249","89712","10774",
"860Z200US90250","ZCTA5 90250","78331","2655",
"860Z200US90254","ZCTA5 90254","166442","23214",
"860Z200US90255","ZCTA5 90255","64766","3319",
"860Z200US90260","ZCTA5 90260","87825","7315",
"860Z200US90262","ZCTA5 90262","75194","6082",
"860Z200US90263","ZCTA5 90263","-","**",
"860Z200US90265","ZCTA5 90265","196742","22274",
"860Z200US90266","ZCTA5 90266","204306","20391",
"860Z200US90270","ZCTA5 90270","61165","6299",
"860Z200US90272","ZCTA5 90272","189713","21491",
"860Z200US90274","ZCTA5 90274","215925","21204",
"860Z200US90275","ZCTA5 90275","179469","9745",
"860Z200US90277","ZCTA5 90277","127795","11974",
"860Z200US90278","ZCTA5 90278","160236","8708",
"860Z200US90280","ZCTA5 90280","74651","3473",
"860Z200US90290","ZCTA5 90290","149304","34123",
"860Z200US90291","ZCTA5 90291","122738","11126",
"860Z200US90292","ZCTA5 90292","146167","13868",
"860Z200US90293","ZCTA5 90293","134313","13072",
"860Z200US90301","ZCTA5 90301","65806","5329",
"860Z200US90302","ZCTA5 90302","73777","7950",
"860Z200US90303","ZCTA5 90303","72815","5944",
"860Z200US90304","ZCTA5 90304","64125","15235",
"860Z200US90305","ZCTA5 90305","92665","13814",
"860Z200US90401","ZCTA5 90401","110385","17449",
"860Z200US90402","ZCTA5 90402","159100","46590",
"860Z200US90403","ZCTA5 90403","121925","15573",
"860Z200US90404","ZCTA5 90404","95139","13299",
"860Z200US90405","ZCTA5 90405","121241","17403",
"860Z200US90501","ZCTA5 90501","92923","4866",
"860Z200US90502","ZCTA5 90502","94291","11857",
"860Z200US90503","ZCTA5 90503","125912","7517",
"860Z200US90504","ZCTA5 90504","107552","8420",
"860Z200US90505","ZCTA5 90505","115593","10887",
"860Z200US90506","ZCTA5 90506","-","**",
"860Z200US90601","ZCTA5 90601","104052","6792",
"860Z200US90602","ZCTA5 90602","68505","2950",
"860Z200US90603","ZCTA5 90603","136705","11808",
"860Z200US90604","ZCTA5 90604","105074","4395",
"860Z200US90605","ZCTA5 90605","99635","7291",
"860Z200US90606","ZCTA5 90606","100428","8493",
"860Z200US90620","ZCTA5 90620","126094","4105",
"860Z200US90621","ZCTA5 90621","97612","9573",
"860Z200US90623","ZCTA5 90623","116594","16949",
"860Z200US90630","ZCTA5 90630","130154","8156",
"860Z200US90631","ZCTA5 90631","104251","4332",
"860Z200US90638","ZCTA5 90638","109649","7134",
"860Z200US90639","ZCTA5 90639","-","**",
"860Z200US90640","ZCTA5 90640","79625","4492",
"860Z200US90650","ZCTA5 90650","100085","5094",
"860Z200US90660","ZCTA5 90660","88201","8138",
"860Z200US90670","ZCTA5 90670","88872","6558",
"860Z200US90680","ZCTA5 90680","85592","3366",
"860Z200US90701","ZCTA5 90701","101004","16448",
"860Z200US90703","ZCTA5 90703","134987","4582",
"860Z200US90704","ZCTA5 90704","105139","27326",
"860Z200US90706","ZCTA5 90706","78722","4435",
"860Z200US90710","ZCTA5 90710","82478","7290",
"860Z200US90712","ZCTA5 90712","122435","13175",
"860Z200US90713","ZCTA5 90713","133419","7594",
"860Z200US90715","ZCTA5 90715","91875","7787",
"860Z200US90716","ZCTA5 90716","76410","4076",
"860Z200US90717","ZCTA5 90717","94241","8563",
"860Z200US90720","ZCTA5 90720","135851","8700",
"860Z200US90723","ZCTA5 90723","75250","6365",
"860Z200US90731","ZCTA5 90731","76395","4995",
"860Z200US90732","ZCTA5 90732","120807","7853",
"860Z200US90740","ZCTA5 90740","85347","8344",
"860Z200US90742","ZCTA5 90742","122250","13998",
"860Z200US90743","ZCTA5 90743","170966","14653",
"860Z200US90744","ZCTA5 90744","60847","4155",
"860Z200US90745","ZCTA5 90745","107988","5182",
"860Z200US90746","ZCTA5 90746","113364","13871",
"860Z200US90747","ZCTA5 90747","-","**",
"860Z200US90755","ZCTA5 90755","113512","16925",
"860Z200US90802","ZCTA5 90802","74510","6339",
"860Z200US90803","ZCTA5 90803","114656","7204",
"860Z200US90804","ZCTA5 90804","71614","4307",
"860Z200US90805","ZCTA5 90805","73415","5362",
"860Z200US90806","ZCTA5 90806","79208","5476",
"860Z200US90807","ZCTA5 90807","103777","7189",
"860Z200US90808","ZCTA5 90808","137855","7523",
"860Z200US90810","ZCTA5 90810","84350","7073",
"860Z200US90813","ZCTA5 90813","54526","3592",
"860Z200US90814","ZCTA5 90814","104650","8910",
"860Z200US90815","ZCTA5 90815","119716","5952",
"860Z200US90822","ZCTA5 90822","-","**",
"860Z200US90831","ZCTA5 90831","-","**",
"860Z200US90840","ZCTA5 90840","-","**",
"860Z200US91001","ZCTA5 91001","134903","9224",
"860Z200US91006","ZCTA5 91006","123533","8214",
"860Z200US91007","ZCTA5 91007","100705","8611",
"860Z200US91008","ZCTA5 91008","164375","59622",
"860Z200US91010","ZCTA5 91010","102705","9641",
"860Z200US91011","ZCTA5 91011","241875","20555",
"860Z200US91016","ZCTA5 91016","96540","4821",
"860Z200US91020","ZCTA5 91020","72125","37074",
"860Z200US91024","ZCTA5 91024","143547","11758",
"860Z200US91030","ZCTA5 91030","127175","12727",
"860Z200US91040","ZCTA5 91040","98256","7846",
"860Z200US91042","ZCTA5 91042","85603","10814",
"860Z200US91046","ZCTA5 91046","-","**",
"860Z200US91101","ZCTA5 91101","87813","11381",
"860Z200US91103","ZCTA5 91103","93660","9602",
"860Z200US91104","ZCTA5 91104","105958","7363",
"860Z200US91105","ZCTA5 91105","156791","22761",
"860Z200US91106","ZCTA5 91106","90028","6838",
"860Z200US91107","ZCTA5 91107","126449","7890",
"860Z200US91108","ZCTA5 91108","204847","32194",
"860Z200US91125","ZCTA5 91125","-","**",
"860Z200US91201","ZCTA5 91201","82301","4752",
"860Z200US91202","ZCTA5 91202","96459","10299",
"860Z200US91203","ZCTA5 91203","82364","7242",
"860Z200US91204","ZCTA5 91204","74144","4876",
"860Z200US91205","ZCTA5 91205","64564","4671",
"860Z200US91206","ZCTA5 91206","89188","4275",
"860Z200US91207","ZCTA5 91207","118116","22811",
"860Z200US91208","ZCTA5 91208","136892","30895",
"860Z200US91210","ZCTA5 91210","107656","66468",
"860Z200US91214","ZCTA5 91214","140121","10706",
"860Z200US91301","ZCTA5 91301","163317","17989",
"860Z200US91302","ZCTA5 91302","185636","24064",
"860Z200US91303","ZCTA5 91303","74474","8454",
"860Z200US91304","ZCTA5 91304","90007","7029",
"860Z200US91306","ZCTA5 91306","93151","7632",
"860Z200US91307","ZCTA5 91307","151190","15505",
"860Z200US91311","ZCTA5 91311","119386","6398",
"860Z200US91316","ZCTA5 91316","92311","5502",
"860Z200US91320","ZCTA5 91320","148991","7422",
"860Z200US91321","ZCTA5 91321","91092","8880",
"860Z200US91324","ZCTA5 91324","99610","7157",
"860Z200US91325","ZCTA5 91325","87168","8522",
"860Z200US91326","ZCTA5 91326","148281","15622",
"860Z200US91330","ZCTA5 91330","-","**",
"860Z200US91331","ZCTA5 91331","84227","3774",
"860Z200US91335","ZCTA5 91335","80143","4630",
"860Z200US91340","ZCTA5 91340","85261","5209",
"860Z200US91342","ZCTA5 91342","98118","3405",
"860Z200US91343","ZCTA5 91343","81430","6328",
"860Z200US91344","ZCTA5 91344","119345","5583",
"860Z200US91345","ZCTA5 91345","94215","6951",
"860Z200US91350","ZCTA5 91350","140110","8924",
"860Z200US91351","ZCTA5 91351","115364","8393",
"860Z200US91352","ZCTA5 91352","78239","4143",
"860Z200US91354","ZCTA5 91354","156173","7074",
"860Z200US91355","ZCTA5 91355","115640","6988",
"860Z200US91356","ZCTA5 91356","107378","8485",
"860Z200US91360","ZCTA5 91360","119296","8954",
"860Z200US91361","ZCTA5 91361","144900","14702",
"860Z200US91362","ZCTA5 91362","139800","10208",
"860Z200US91364","ZCTA5 91364","132854","10509",
"860Z200US91367","ZCTA5 91367","108653","5291",
"860Z200US91371","ZCTA5 91371","-","**",
"860Z200US91377","ZCTA5 91377","163085","8800",
"860Z200US91381","ZCTA5 91381","158504","12033",
"860Z200US91384","ZCTA5 91384","131689","9625",
"860Z200US91387","ZCTA5 91387","117969","6585",
"860Z200US91390","ZCTA5 91390","151897","19522",
"860Z200US91401","ZCTA5 91401","79552","3651",
"860Z200US91402","ZCTA5 91402","57369","2898",
"860Z200US91403","ZCTA5 91403","116170","9020",
"860Z200US91405","ZCTA5 91405","62900","3821",
"860Z200US91406","ZCTA5 91406","78429","4060",
"860Z200US91411","ZCTA5 91411","74617","6476",
"860Z200US91423","ZCTA5 91423","109461","6495",
"860Z200US91436","ZCTA5 91436","177981","33346",
"860Z200US91501","ZCTA5 91501","91936","8109",
"860Z200US91502","ZCTA5 91502","52473","10590",
"860Z200US91504","ZCTA5 91504","103835","7964",
"860Z200US91505","ZCTA5 91505","109953","9094",
"860Z200US91506","ZCTA5 91506","105955","13684",
"860Z200US91601","ZCTA5 91601","79607","4918",
"860Z200US91602","ZCTA5 91602","102914","5501",
"860Z200US91604","ZCTA5 91604","141875","11151",
"860Z200US91605","ZCTA5 91605","65481","3653",
"860Z200US91606","ZCTA5 91606","66200","6802",
"860Z200US91607","ZCTA5 91607","87874","8240",
"860Z200US91608","ZCTA5 91608","-","**",
"860Z200US91701","ZCTA5 91701","114244","4684",
"860Z200US91702","ZCTA5 91702","92683","4732",
"860Z200US91706","ZCTA5 91706","81122","3088",
"860Z200US91708","ZCTA5 91708","108861","10066",
"860Z200US91709","ZCTA5 91709","126350","6808",
"860Z200US91710","ZCTA5 91710","103085","7180",
"860Z200US91711","ZCTA5 91711","126056","17760",
"860Z200US91722","ZCTA5 91722","102062","5380",
"860Z200US91723","ZCTA5 91723","94167","7063",
"860Z200US91724","ZCTA5 91724","103163","10956",
"860Z200US91730","ZCTA5 91730","92237","4678",
"860Z200US91731","ZCTA5 91731","62215","4336",
"860Z200US91732","ZCTA5 91732","75108","6889",
"860Z200US91733","ZCTA5 91733","68278","3095",
"860Z200US91737","ZCTA5 91737","122334","9418",
"860Z200US91739","ZCTA5 91739","143265","8448",
"860Z200US91740","ZCTA5 91740","99083","13358",
"860Z200US91741","ZCTA5 91741","127440","8167",
"860Z200US91744","ZCTA5 91744","93557","3504",
"860Z200US91745","ZCTA5 91745","109183","4147",
"860Z200US91746","ZCTA5 91746","86567","5535",
"860Z200US91748","ZCTA5 91748","83428","6141",
"860Z200US91750","ZCTA5 91750","104195","8035",
"860Z200US91752","ZCTA5 91752","115177","9827",
"860Z200US91754","ZCTA5 91754","86331","9004",
"860Z200US91755","ZCTA5 91755","76382","7423",
"860Z200US91759","ZCTA5 91759","122583","15843",
"860Z200US91761","ZCTA5 91761","100578","7483",
"860Z200US91762","ZCTA5 91762","83850","7175",
"860Z200US91763","ZCTA5 91763","78770","8880",
"860Z200US91764","ZCTA5 91764","81762","5027",
"860Z200US91765","ZCTA5 91765","105565","9879",
"860Z200US91766","ZCTA5 91766","81991","6764",
"860Z200US91767","ZCTA5 91767","79245","5740",
"860Z200US91768","ZCTA5 91768","76041","4464",
"860Z200US91770","ZCTA5 91770","75000","5092",
"860Z200US91773","ZCTA5 91773","105338","18586",
"860Z200US91775","ZCTA5 91775","118610","7011",
"860Z200US91776","ZCTA5 91776","82155","4450",
"860Z200US91780","ZCTA5 91780","103659","4539",
"860Z200US91784","ZCTA5 91784","154349","5298",
"860Z200US91786","ZCTA5 91786","92458","5237",
"860Z200US91789","ZCTA5 91789","125720","6903",
"860Z200US91790","ZCTA5 91790","102927","8620",
"860Z200US91791","ZCTA5 91791","102266","5064",
"860Z200US91792","ZCTA5 91792","94817","7942",
"860Z200US91801","ZCTA5 91801","89156","4091",
"860Z200US91803","ZCTA5 91803","84311","9108",
"860Z200US91901","ZCTA5 91901","114167","11814",
"860Z200US91902","ZCTA5 91902","122524","11877",
"860Z200US91905","ZCTA5 91905","77886","34007",
"860Z200US91906","ZCTA5 91906","62500","29224",
"860Z200US91910","ZCTA5 91910","90222","4994",
"860Z200US91911","ZCTA5 91911","82350","3222",
"860Z200US91913","ZCTA5 91913","129337","10857",
"860Z200US91914","ZCTA5 91914","190786","19239",
"860Z200US91915","ZCTA5 91915","139503","10892",
"860Z200US91916","ZCTA5 91916","103438","25132",
"860Z200US91917","ZCTA5 91917","-","**",
"860Z200US91931","ZCTA5 91931","63750","38725",
"860Z200US91932","ZCTA5 91932","85833","9575",
"860Z200US91934","ZCTA5 91934","50469","42544",
"860Z200US91935","ZCTA5 91935","151538","35316",
"860Z200US91941","ZCTA5 91941","115381","5641",
"860Z200US91942","ZCTA5 91942","92896","9719",
"860Z200US91945","ZCTA5 91945","88016","6721",
"860Z200US91948","ZCTA5 91948","55066","40345",
"860Z200US91950","ZCTA5 91950","66426","4467",
"860Z200US91962","ZCTA5 91962","143094","63983",
"860Z200US91963","ZCTA5 91963","-","**",
"860Z200US91977","ZCTA5 91977","99657","5444",
"860Z200US91978","ZCTA5 91978","113170","11519",
"860Z200US91980","ZCTA5 91980","-","**",
"860Z200US92003","ZCTA5 92003","113216","11525",
"860Z200US92004","ZCTA5 92004","74018","26446",
"860Z200US92007","ZCTA5 92007","182629","17718",
"860Z200US92008","ZCTA5 92008","104995","7861",
"860Z200US92009","ZCTA5 92009","164182","10430",
"860Z200US92010","ZCTA5 92010","129926","18614",
"860Z200US92011","ZCTA5 92011","159235","11813",
"860Z200US92014","ZCTA5 92014","198823","21526",
"860Z200US92019","ZCTA5 92019","101973","7244",
"860Z200US92020","ZCTA5 92020","76032","4611",
"860Z200US92021","ZCTA5 92021","74013","6137",
"860Z200US92024","ZCTA5 92024","158507","10095",
"860Z200US92025","ZCTA5 92025","81106","6194",
"860Z200US92026","ZCTA5 92026","104561","9062",
"860Z200US92027","ZCTA5 92027","93338","8450",
"860Z200US92028","ZCTA5 92028","111290","6691",
"860Z200US92029","ZCTA5 92029","124726","10470",
"860Z200US92036","ZCTA5 92036","73750","17762",
"860Z200US92037","ZCTA5 92037","147230","11967",
"860Z200US92040","ZCTA5 92040","107937","8944",
"860Z200US92054","ZCTA5 92054","82408","5066",
"860Z200US92055","ZCTA5 92055","-","**",
"860Z200US92056","ZCTA5 92056","106272","2359",
"860Z200US92057","ZCTA5 92057","108814","3663",
"860Z200US92058","ZCTA5 92058","69970","4444",
"860Z200US92059","ZCTA5 92059","99803","16215",
"860Z200US92060","ZCTA5 92060","152852","99403",
"860Z200US92061","ZCTA5 92061","92813","17591",
"860Z200US92064","ZCTA5 92064","148673","8380",
"860Z200US92065","ZCTA5 92065","125285","8426",
"860Z200US92066","ZCTA5 92066","35625","33123",
"860Z200US92067","ZCTA5 92067","187054","53223",
"860Z200US92069","ZCTA5 92069","96771","3911",
"860Z200US92070","ZCTA5 92070","67017","39081",
"860Z200US92071","ZCTA5 92071","113618","5827",
"860Z200US92075","ZCTA5 92075","149327","36363",
"860Z200US92078","ZCTA5 92078","120268","9449",
"860Z200US92081","ZCTA5 92081","105379","9257",
"860Z200US92082","ZCTA5 92082","126544","15301",
"860Z200US92083","ZCTA5 92083","86974","3057",
"860Z200US92084","ZCTA5 92084","98577","7698",
"860Z200US92086","ZCTA5 92086","57431","18415",
"860Z200US92091","ZCTA5 92091","103452","42077",
"860Z200US92092","ZCTA5 92092","-","**",
"860Z200US92093","ZCTA5 92093","-","**",
"860Z200US92096","ZCTA5 92096","-","**",
"860Z200US92101","ZCTA5 92101","91566","6043",
"860Z200US92102","ZCTA5 92102","77248","5267",
"860Z200US92103","ZCTA5 92103","102626","7655",
"860Z200US92104","ZCTA5 92104","94014","3592",
"860Z200US92105","ZCTA5 92105","68563","4318",
"860Z200US92106","ZCTA5 92106","142897","11254",
"860Z200US92107","ZCTA5 92107","113117","8746",
"860Z200US92108","ZCTA5 92108","103884","6713",
"860Z200US92109","ZCTA5 92109","122128","7245",
"860Z200US92110","ZCTA5 92110","110790","7788",
"860Z200US92111","ZCTA5 92111","99644","7614",
"860Z200US92113","ZCTA5 92113","61819","3166",
"860Z200US92114","ZCTA5 92114","97794","5522",
"860Z200US92115","ZCTA5 92115","79199","3992",
"860Z200US92116","ZCTA5 92116","98154","4522",
"860Z200US92117","ZCTA5 92117","103661","9614",
"860Z200US92118","ZCTA5 92118","134534","11789",
"860Z200US92119","ZCTA5 92119","113435","8487",
"860Z200US92120","ZCTA5 92120","120661","9376",
"860Z200US92121","ZCTA5 92121","135938","15307",
"860Z200US92122","ZCTA5 92122","105177","8468",
"860Z200US92123","ZCTA5 92123","132534","8653",
"860Z200US92124","ZCTA5 92124","120201","9998",
"860Z200US92126","ZCTA5 92126","126913","5209",
"860Z200US92127","ZCTA5 92127","195520","6397",
"860Z200US92128","ZCTA5 92128","131077","7720",
"860Z200US92129","ZCTA5 92129","156321","6886",
"860Z200US92130","ZCTA5 92130","205680","14225",
"860Z200US92131","ZCTA5 92131","185256","11404",
"860Z200US92132","ZCTA5 92132","-","**",
"860Z200US92134","ZCTA5 92134","-","**",
"860Z200US92135","ZCTA5 92135","-","**",
"860Z200US92136","ZCTA5 92136","-","**",
"860Z200US92139","ZCTA5 92139","95653","5134",
"860Z200US92140","ZCTA5 92140","-","**",
"860Z200US92145","ZCTA5 92145","-","**",
"860Z200US92147","ZCTA5 92147","-","**",
"860Z200US92154","ZCTA5 92154","94901","4991",
"860Z200US92155","ZCTA5 92155","-","**",
"860Z200US92161","ZCTA5 92161","-","**",
"860Z200US92173","ZCTA5 92173","69792","10328",
"860Z200US92179","ZCTA5 92179","-","**",
"860Z200US92182","ZCTA5 92182","-","**",
"860Z200US92201","ZCTA5 92201","66758","4210",
"860Z200US92203","ZCTA5 92203","97311","8653",
"860Z200US92210","ZCTA5 92210","162990","23773",
"860Z200US92211","ZCTA5 92211","88477","9506",
"860Z200US92220","ZCTA5 92220","62599","4061",
"860Z200US92222","ZCTA5 92222","-","**",
"860Z200US92223","ZCTA5 92223","102761","6693",
"860Z200US92225","ZCTA5 92225","55725","10618",
"860Z200US92227","ZCTA5 92227","59362","6228",
"860Z200US92230","ZCTA5 92230","48704","24877",
"860Z200US92231","ZCTA5 92231","49742","6109",
"860Z200US92233","ZCTA5 92233","53778","9595",
"860Z200US92234","ZCTA5 92234","73572","3753",
"860Z200US92236","ZCTA5 92236","68393","4835",
"860Z200US92239","ZCTA5 92239","73393","66823",
"860Z200US92240","ZCTA5 92240","54023","5426",
"860Z200US92241","ZCTA5 92241","46888","6395",
"860Z200US92242","ZCTA5 92242","37500","13233",
"860Z200US92243","ZCTA5 92243","55057","5036",
"860Z200US92249","ZCTA5 92249","72028","11357",
"860Z200US92250","ZCTA5 92250","72143","25790",
"860Z200US92251","ZCTA5 92251","90709","12214",
"860Z200US92252","ZCTA5 92252","66598","14761",
"860Z200US92253","ZCTA5 92253","99277","6022",
"860Z200US92254","ZCTA5 92254","48272","8878",
"860Z200US92256","ZCTA5 92256","51949","12745",
"860Z200US92257","ZCTA5 92257","22611","9836",
"860Z200US92258","ZCTA5 92258","52757","17725",
"860Z200US92259","ZCTA5 92259","43500","35794",
"860Z200US92260","ZCTA5 92260","70091","6239",
"860Z200US92262","ZCTA5 92262","71672","6726",
"860Z200US92264","ZCTA5 92264","77688","4866",
"860Z200US92266","ZCTA5 92266","-","**",
"860Z200US92267","ZCTA5 92267","-","**",
"860Z200US92268","ZCTA5 92268","58798","43445",
"860Z200US92270","ZCTA5 92270","107364","8992",
"860Z200US92273","ZCTA5 92273","62051","32546",
"860Z200US92274","ZCTA5 92274","38654","6184",
"860Z200US92275","ZCTA5 92275","-","**",
"860Z200US92276","ZCTA5 92276","77000","27784",
"860Z200US92277","ZCTA5 92277","60901","5745",
"860Z200US92278","ZCTA5 92278","-","**",
"860Z200US92280","ZCTA5 92280","-","**",
"860Z200US92281","ZCTA5 92281","29375","20101",
"860Z200US92282","ZCTA5 92282","68750","19414",
"860Z200US92283","ZCTA5 92283","43393","14934",
"860Z200US92284","ZCTA5 92284","58373","7115",
"860Z200US92285","ZCTA5 92285","47734","4490",
"860Z200US92301","ZCTA5 92301","68676","6303",
"860Z200US92304","ZCTA5 92304","-","**",
"860Z200US92305","ZCTA5 92305","145536","41367",
"860Z200US92307","ZCTA5 92307","77106","8281",
"860Z200US92308","ZCTA5 92308","66568","3905",
"860Z200US92309","ZCTA5 92309","-","**",
"860Z200US92310","ZCTA5 92310","76107","10125",
"860Z200US92311","ZCTA5 92311","61862","7154",
"860Z200US92313","ZCTA5 92313","83628","7326",
"860Z200US92314","ZCTA5 92314","74910","8998",
"860Z200US92315","ZCTA5 92315","77436","6319",
"860Z200US92316","ZCTA5 92316","83587","5598",
"860Z200US92317","ZCTA5 92317","99103","45245",
"860Z200US92320","ZCTA5 92320","87181","12802",
"860Z200US92321","ZCTA5 92321","123688","95625",
"860Z200US92322","ZCTA5 92322","149119","113560",
"860Z200US92324","ZCTA5 92324","71078","2907",
"860Z200US92325","ZCTA5 92325","70563","14236",
"860Z200US92327","ZCTA5 92327","-","**",
"860Z200US92328","ZCTA5 92328","94375","87879",
"860Z200US92332","ZCTA5 92332","-","**",
"860Z200US92333","ZCTA5 92333","-","**",
"860Z200US92335","ZCTA5 92335","77949","2878",
"860Z200US92336","ZCTA5 92336","123363","5688",
"860Z200US92337","ZCTA5 92337","107678","6237",
"860Z200US92338","ZCTA5 92338","-","**",
"860Z200US92339","ZCTA5 92339","77167","35032",
"860Z200US92341","ZCTA5 92341","97273","32324",
"860Z200US92342","ZCTA5 92342","115058","20170",
"860Z200US92344","ZCTA5 92344","98071","10379",
"860Z200US92345","ZCTA5 92345","69485","3651",
"860Z200US92346","ZCTA5 92346","85163","7729",
"860Z200US92347","ZCTA5 92347","58833","41907",
"860Z200US92350","ZCTA5 92350","-","**",
"860Z200US92352","ZCTA5 92352","105753","8400",
"860Z200US92354","ZCTA5 92354","83847","10668",
"860Z200US92356","ZCTA5 92356","54923","19128",
"860Z200US92358","ZCTA5 92358","86394","19099",
"860Z200US92359","ZCTA5 92359","77846","13019",
"860Z200US92363","ZCTA5 92363","40068","9783",
"860Z200US92364","ZCTA5 92364","-","**",
"860Z200US92365","ZCTA5 92365","67600","8506",
"860Z200US92368","ZCTA5 92368","80938","21385",
"860Z200US92369","ZCTA5 92369","-","**",
"860Z200US92371","ZCTA5 92371","78986","5328",
"860Z200US92372","ZCTA5 92372","66471","24484",
"860Z200US92373","ZCTA5 92373","101271","8389",
"860Z200US92374","ZCTA5 92374","102813","5408",
"860Z200US92376","ZCTA5 92376","79675","5563",
"860Z200US92377","ZCTA5 92377","116223","7178",
"860Z200US92378","ZCTA5 92378","105294","93984",
"860Z200US92382","ZCTA5 92382","81493","8465",
"860Z200US92384","ZCTA5 92384","-","**",
"860Z200US92385","ZCTA5 92385","-","**",
"860Z200US92386","ZCTA5 92386","50694","16155",
"860Z200US92389","ZCTA5 92389","-","**",
"860Z200US92391","ZCTA5 92391","81789","12916",
"860Z200US92392","ZCTA5 92392","87681","5023",
"860Z200US92394","ZCTA5 92394","78466","7825",
"860Z200US92395","ZCTA5 92395","62102","6939",
"860Z200US92397","ZCTA5 92397","77250","32421",
"860Z200US92398","ZCTA5 92398","59888","34283",
"860Z200US92399","ZCTA5 92399","92440","8907",
"860Z200US92401","ZCTA5 92401","26596","13570",
"860Z200US92404","ZCTA5 92404","66701","5271",
"860Z200US92405","ZCTA5 92405","66964","4554",
"860Z200US92407","ZCTA5 92407","94032","6172",
"860Z200US92408","ZCTA5 92408","68333","10245",
"860Z200US92410","ZCTA5 92410","54181","4454",
"860Z200US92411","ZCTA5 92411","54324","5764",
"860Z200US92415","ZCTA5 92415","-","**",
"860Z200US92501","ZCTA5 92501","81886","10784",
"860Z200US92503","ZCTA5 92503","96268","5066",
"860Z200US92504","ZCTA5 92504","92477","5203",
"860Z200US92505","ZCTA5 92505","84906","4076",
"860Z200US92506","ZCTA5 92506","121459","4719",
"860Z200US92507","ZCTA5 92507","75303","2892",
"860Z200US92508","ZCTA5 92508","147674","11450",
"860Z200US92509","ZCTA5 92509","95355","6029",
"860Z200US92518","ZCTA5 92518","79219","37861",
"860Z200US92521","ZCTA5 92521","-","**",
"860Z200US92530","ZCTA5 92530","86862","6665",
"860Z200US92532","ZCTA5 92532","122312","19380",
"860Z200US92536","ZCTA5 92536","79551","14725",
"860Z200US92539","ZCTA5 92539","90394","25780",
"860Z200US92543","ZCTA5 92543","49396","2535",
"860Z200US92544","ZCTA5 92544","73596","5383",
"860Z200US92545","ZCTA5 92545","63770","4872",
"860Z200US92548","ZCTA5 92548","61422","12031",
"860Z200US92549","ZCTA5 92549","73750","16094",
"860Z200US92551","ZCTA5 92551","99970","7904",
"860Z200US92553","ZCTA5 92553","78246","3454",
"860Z200US92555","ZCTA5 92555","121425","5343",
"860Z200US92557","ZCTA5 92557","94804","6029",
"860Z200US92561","ZCTA5 92561","94063","14007",
"860Z200US92562","ZCTA5 92562","114266","6254",
"860Z200US92563","ZCTA5 92563","125397","8035",
"860Z200US92567","ZCTA5 92567","107610","41106",
"860Z200US92570","ZCTA5 92570","79393","5917",
"860Z200US92571","ZCTA5 92571","92309","5086",
"860Z200US92582","ZCTA5 92582","105540","12261",
"860Z200US92583","ZCTA5 92583","68351","8945",
"860Z200US92584","ZCTA5 92584","113767","7869",
"860Z200US92585","ZCTA5 92585","106667","15368",
"860Z200US92586","ZCTA5 92586","57708","3645",
"860Z200US92587","ZCTA5 92587","104290","15854",
"860Z200US92590","ZCTA5 92590","85253","12560",
"860Z200US92591","ZCTA5 92591","114160","7458",
"860Z200US92592","ZCTA5 92592","134313","5421",
"860Z200US92595","ZCTA5 92595","106047","8295",
"860Z200US92596","ZCTA5 92596","132538","7937",
"860Z200US92602","ZCTA5 92602","161620","11602",
"860Z200US92603","ZCTA5 92603","173094","18993",
"860Z200US92604","ZCTA5 92604","133869","14409",
"860Z200US92606","ZCTA5 92606","135598","10955",
"860Z200US92610","ZCTA5 92610","195046","19547",
"860Z200US92612","ZCTA5 92612","106226","8642",
"860Z200US92614","ZCTA5 92614","122821","15106",
"860Z200US92617","ZCTA5 92617","91529","38201",
"860Z200US92618","ZCTA5 92618","145731","14483",
"860Z200US92620","ZCTA5 92620","146942","14434",
"860Z200US92624","ZCTA5 92624","140666","27661",
"860Z200US92625","ZCTA5 92625","174904","30352",
"860Z200US92626","ZCTA5 92626","114249","5962",
"860Z200US92627","ZCTA5 92627","108994","5170",
"860Z200US92629","ZCTA5 92629","142807","14079",
"860Z200US92630","ZCTA5 92630","125853","6884",
"860Z200US92637","ZCTA5 92637","59269","7082",
"860Z200US92646","ZCTA5 92646","130672","4755",
"860Z200US92647","ZCTA5 92647","105110","7938",
"860Z200US92648","ZCTA5 92648","130164","13258",
"860Z200US92649","ZCTA5 92649","123257","7916",
"860Z200US92651","ZCTA5 92651","146604","11764",
"860Z200US92653","ZCTA5 92653","133194","11116",
"860Z200US92655","ZCTA5 92655","66308","17235",
"860Z200US92656","ZCTA5 92656","137639","9448",
"860Z200US92657","ZCTA5 92657","185042","33886",
"860Z200US92660","ZCTA5 92660","159564","17687",
"860Z200US92661","ZCTA5 92661","209231","73444",
"860Z200US92662","ZCTA5 92662","165955","26186",
"860Z200US92663","ZCTA5 92663","141541","18958",
"860Z200US92672","ZCTA5 92672","111989","7857",
"860Z200US92673","ZCTA5 92673","182178","18808",
"860Z200US92675","ZCTA5 92675","129457","9965",
"860Z200US92676","ZCTA5 92676","116250","56206",
"860Z200US92677","ZCTA5 92677","140452","6981",
"860Z200US92678","ZCTA5 92678","98333","69063",
"860Z200US92679","ZCTA5 92679","211250","9611",
"860Z200US92683","ZCTA5 92683","85585","4316",
"860Z200US92688","ZCTA5 92688","152528","14032",
"860Z200US92691","ZCTA5 92691","141045","10923",
"860Z200US92692","ZCTA5 92692","131175","9412",
"860Z200US92694","ZCTA5 92694","189966","18048",
"860Z200US92697","ZCTA5 92697","-","**",
"860Z200US92701","ZCTA5 92701","70572","3577",
"860Z200US92703","ZCTA5 92703","84437","4827",
"860Z200US92704","ZCTA5 92704","99777","4838",
"860Z200US92705","ZCTA5 92705","129331","9274",
"860Z200US92706","ZCTA5 92706","102857","8342",
"860Z200US92707","ZCTA5 92707","105168","6149",
"860Z200US92708","ZCTA5 92708","115237","8309",
"860Z200US92780","ZCTA5 92780","101017","5784",
"860Z200US92782","ZCTA5 92782","146080","14465",
"860Z200US92801","ZCTA5 92801","83725","5690",
"860Z200US92802","ZCTA5 92802","84419","8319",
"860Z200US92804","ZCTA5 92804","76141","5953",
"860Z200US92805","ZCTA5 92805","91252","4023",
"860Z200US92806","ZCTA5 92806","97265","4413",
"860Z200US92807","ZCTA5 92807","138741","9464",
"860Z200US92808","ZCTA5 92808","158462","20216",
"860Z200US92821","ZCTA5 92821","123629","12358",
"860Z200US92823","ZCTA5 92823","169900","30079",
"860Z200US92831","ZCTA5 92831","89278","5859",
"860Z200US92832","ZCTA5 92832","94275","8233",
"860Z200US92833","ZCTA5 92833","114176","8118",
"860Z200US92835","ZCTA5 92835","143817","14248",
"860Z200US92840","ZCTA5 92840","98881","6724",
"860Z200US92841","ZCTA5 92841","84451","9824",
"860Z200US92843","ZCTA5 92843","81446","6517",
"860Z200US92844","ZCTA5 92844","79701","7301",
"860Z200US92845","ZCTA5 92845","136485","8220",
"860Z200US92860","ZCTA5 92860","127780","7462",
"860Z200US92861","ZCTA5 92861","202245","40354",
"860Z200US92865","ZCTA5 92865","127431","9102",
"860Z200US92866","ZCTA5 92866","79886","15680",
"860Z200US92867","ZCTA5 92867","130741","7056",
"860Z200US92868","ZCTA5 92868","97500","10427",
"860Z200US92869","ZCTA5 92869","138204","11777",
"860Z200US92870","ZCTA5 92870","115929","6317",
"860Z200US92879","ZCTA5 92879","92229","6244",
"860Z200US92880","ZCTA5 92880","151155","4446",
"860Z200US92881","ZCTA5 92881","134932","10097",
"860Z200US92882","ZCTA5 92882","104457","6851",
"860Z200US92883","ZCTA5 92883","132969","18477",
"860Z200US92886","ZCTA5 92886","153397","8923",
"860Z200US92887","ZCTA5 92887","163953","17980",
"860Z200US93001","ZCTA5 93001","88078","7989",
"860Z200US93003","ZCTA5 93003","103761","4519",
"860Z200US93004","ZCTA5 93004","114012","10919",
"860Z200US93010","ZCTA5 93010","111176","3946",
"860Z200US93012","ZCTA5 93012","135217","13188",
"860Z200US93013","ZCTA5 93013","110359","13578",
"860Z200US93015","ZCTA5 93015","92777","14118",
"860Z200US93021","ZCTA5 93021","147636","11954",
"860Z200US93022","ZCTA5 93022","110405","12149",
"860Z200US93023","ZCTA5 93023","80927","12206",
"860Z200US93030","ZCTA5 93030","92958","4974",
"860Z200US93033","ZCTA5 93033","87309","5866",
"860Z200US93035","ZCTA5 93035","106611","7754",
"860Z200US93036","ZCTA5 93036","101445","4972",
"860Z200US93040","ZCTA5 93040","94556","24332",
"860Z200US93041","ZCTA5 93041","90592","11605",
"860Z200US93042","ZCTA5 93042","-","**",
"860Z200US93043","ZCTA5 93043","-","**",
"860Z200US93060","ZCTA5 93060","80979","5866",
"860Z200US93063","ZCTA5 93063","125098","8836",
"860Z200US93064","ZCTA5 93064","-","**",
"860Z200US93065","ZCTA5 93065","120519","5041",
"860Z200US93066","ZCTA5 93066","156957","26341",
"860Z200US93067","ZCTA5 93067","71134","23325",
"860Z200US93101","ZCTA5 93101","90148","7471",
"860Z200US93103","ZCTA5 93103","122159","19800",
"860Z200US93105","ZCTA5 93105","138286","16285",
"860Z200US93106","ZCTA5 93106","-","**",
"860Z200US93108","ZCTA5 93108","230419","21732",
"860Z200US93109","ZCTA5 93109","123347","19460",
"860Z200US93110","ZCTA5 93110","129209","20788",
"860Z200US93111","ZCTA5 93111","144353","14556",
"860Z200US93117","ZCTA5 93117","90037","9567",
"860Z200US93201","ZCTA5 93201","47063","10155",
"860Z200US93202","ZCTA5 93202","64276","16310",
"860Z200US93203","ZCTA5 93203","49217","3754",
"860Z200US93204","ZCTA5 93204","55079","8326",
"860Z200US93205","ZCTA5 93205","39590","5689",
"860Z200US93206","ZCTA5 93206","53654","13454",
"860Z200US93207","ZCTA5 93207","52125","31685",
"860Z200US93208","ZCTA5 93208","-","**",
"860Z200US93210","ZCTA5 93210","74817","14366",
"860Z200US93212","ZCTA5 93212","58244","8670",
"860Z200US93215","ZCTA5 93215","66204","6024",
"860Z200US93218","ZCTA5 93218","91500","38103",
"860Z200US93219","ZCTA5 93219","52273","8630",
"860Z200US93220","ZCTA5 93220","-","**",
"860Z200US93221","ZCTA5 93221","86940","4223",
"860Z200US93222","ZCTA5 93222","69337","11284",
"860Z200US93223","ZCTA5 93223","60661","8515",
"860Z200US93224","ZCTA5 93224","47000","41700",
"860Z200US93225","ZCTA5 93225","67179","30670",
"860Z200US93226","ZCTA5 93226","-","**",
"860Z200US93227","ZCTA5 93227","-","**",
"860Z200US93230","ZCTA5 93230","76023","4436",
"860Z200US93234","ZCTA5 93234","52500","23941",
"860Z200US93235","ZCTA5 93235","52083","19469",
"860Z200US93237","ZCTA5 93237","-","**",
"860Z200US93238","ZCTA5 93238","49950","49371",
"860Z200US93239","ZCTA5 93239","48231","3309",
"860Z200US93240","ZCTA5 93240","31267","7148",
"860Z200US93241","ZCTA5 93241","33417","5103",
"860Z200US93242","ZCTA5 93242","73142","7201",
"860Z200US93243","ZCTA5 93243","-","**",
"860Z200US93244","ZCTA5 93244","-","**",
"860Z200US93245","ZCTA5 93245","80412","6933",
"860Z200US93246","ZCTA5 93246","-","**",
"860Z200US93247","ZCTA5 93247","60361","9679",
"860Z200US93249","ZCTA5 93249","46646","6374",
"860Z200US93250","ZCTA5 93250","54051","8278",
"860Z200US93251","ZCTA5 93251","80781","4327",
"860Z200US93252","ZCTA5 93252","43947","10395",
"860Z200US93254","ZCTA5 93254","60938","11043",
"860Z200US93255","ZCTA5 93255","24583","13371",
"860Z200US93256","ZCTA5 93256","56172","21129",
"860Z200US93257","ZCTA5 93257","59704","4548",
"860Z200US93258","ZCTA5 93258","51319","12883",
"860Z200US93260","ZCTA5 93260","56250","11810",
"860Z200US93261","ZCTA5 93261","43850","12766",
"860Z200US93262","ZCTA5 93262","-","**",
"860Z200US93263","ZCTA5 93263","71528","7792",
"860Z200US93265","ZCTA5 93265","99350","26790",
"860Z200US93266","ZCTA5 93266","62727","14282",
"860Z200US93267","ZCTA5 93267","47344","24386",
"860Z200US93268","ZCTA5 93268","57778","7878",
"860Z200US93270","ZCTA5 93270","67136","21381",
"860Z200US93271","ZCTA5 93271","85922","5370",
"860Z200US93272","ZCTA5 93272","51523","18934",
"860Z200US93274","ZCTA5 93274","72650","3444",
"860Z200US93276","ZCTA5 93276","-","**",
"860Z200US93277","ZCTA5 93277","80548","5354",
"860Z200US93280","ZCTA5 93280","51388","8734",
"860Z200US93283","ZCTA5 93283","48053","16657",
"860Z200US93285","ZCTA5 93285","40275","13425",
"860Z200US93286","ZCTA5 93286","47574","5425",
"860Z200US93287","ZCTA5 93287","49750","32676",
"860Z200US93291","ZCTA5 93291","82610","8291",
"860Z200US93292","ZCTA5 93292","82872","5155",
"860Z200US93301","ZCTA5 93301","43561","4260",
"860Z200US93304","ZCTA5 93304","50790","6329",
"860Z200US93305","ZCTA5 93305","43244","5066",
"860Z200US93306","ZCTA5 93306","69805","4152",
"860Z200US93307","ZCTA5 93307","56446","3299",
"860Z200US93308","ZCTA5 93308","62445","5919",
"860Z200US93309","ZCTA5 93309","63544","3230",
"860Z200US93311","ZCTA5 93311","116263","7073",
"860Z200US93312","ZCTA5 93312","114195","7050",
"860Z200US93313","ZCTA5 93313","91943","7559",
"860Z200US93314","ZCTA5 93314","126250","11506",
"860Z200US93401","ZCTA5 93401","96824","9075",
"860Z200US93402","ZCTA5 93402","109090","8693",
"860Z200US93405","ZCTA5 93405","60399","8180",
"860Z200US93407","ZCTA5 93407","-","**",
"860Z200US93408","ZCTA5 93408","-","**",
"860Z200US93409","ZCTA5 93409","-","**",
"860Z200US93410","ZCTA5 93410","-","**",
"860Z200US93420","ZCTA5 93420","110553","4535",
"860Z200US93422","ZCTA5 93422","91780","6601",
"860Z200US93424","ZCTA5 93424","-","**",
"860Z200US93426","ZCTA5 93426","102500","25645",
"860Z200US93427","ZCTA5 93427","102857","26202",
"860Z200US93428","ZCTA5 93428","99762","10941",
"860Z200US93429","ZCTA5 93429","169063","151863",
"860Z200US93430","ZCTA5 93430","89519","18645",
"860Z200US93432","ZCTA5 93432","146938","53645",
"860Z200US93433","ZCTA5 93433","86458","21964",
"860Z200US93434","ZCTA5 93434","67231","11000",
"860Z200US93436","ZCTA5 93436","80097","6405",
"860Z200US93437","ZCTA5 93437","84167","12699",
"860Z200US93440","ZCTA5 93440","79167","21259",
"860Z200US93441","ZCTA5 93441","142760","46745",
"860Z200US93442","ZCTA5 93442","95623","7240",
"860Z200US93444","ZCTA5 93444","110867","14860",
"860Z200US93445","ZCTA5 93445","72261","13418",
"860Z200US93446","ZCTA5 93446","97943","5300",
"860Z200US93449","ZCTA5 93449","118072","10159",
"860Z200US93450","ZCTA5 93450","-","**",
"860Z200US93451","ZCTA5 93451","98188","25786",
"860Z200US93452","ZCTA5 93452","54625","10560",
"860Z200US93453","ZCTA5 93453","78288","56495",
"860Z200US93454","ZCTA5 93454","81522","9109",
"860Z200US93455","ZCTA5 93455","110661","8544",
"860Z200US93458","ZCTA5 93458","75257","6989",
"860Z200US93460","ZCTA5 93460","114139","20742",
"860Z200US93461","ZCTA5 93461","92482","18565",
"860Z200US93463","ZCTA5 93463","118488","15129",
"860Z200US93465","ZCTA5 93465","129259","21563",
"860Z200US93501","ZCTA5 93501","56737","10939",
"860Z200US93505","ZCTA5 93505","59827","7004",
"860Z200US93510","ZCTA5 93510","121023","21216",
"860Z200US93512","ZCTA5 93512","68283","10867",
"860Z200US93513","ZCTA5 93513","67292","18829",
"860Z200US93514","ZCTA5 93514","81278","7387",
"860Z200US93516","ZCTA5 93516","61000","25941",
"860Z200US93517","ZCTA5 93517","120850","69357",
"860Z200US93518","ZCTA5 93518","62321","13199",
"860Z200US93519","ZCTA5 93519","-","**",
"860Z200US93522","ZCTA5 93522","-","**",
"860Z200US93523","ZCTA5 93523","70227","15813",
"860Z200US93524","ZCTA5 93524","-","**",
"860Z200US93526","ZCTA5 93526","72950","11239",
"860Z200US93527","ZCTA5 93527","62596","42667",
"860Z200US93528","ZCTA5 93528","-","**",
"860Z200US93529","ZCTA5 93529","-","**",
"860Z200US93530","ZCTA5 93530","-","**",
"860Z200US93531","ZCTA5 93531","164318","98002",
"860Z200US93532","ZCTA5 93532","113363","14652",
"860Z200US93534","ZCTA5 93534","61866","6341",
"860Z200US93535","ZCTA5 93535","70360","6085",
"860Z200US93536","ZCTA5 93536","106903","5185",
"860Z200US93541","ZCTA5 93541","121330","24816",
"860Z200US93543","ZCTA5 93543","72488","4830",
"860Z200US93544","ZCTA5 93544","89792","39694",
"860Z200US93545","ZCTA5 93545","43529","13755",
"860Z200US93546","ZCTA5 93546","105577","19712",
"860Z200US93549","ZCTA5 93549","73958","63161",
"860Z200US93550","ZCTA5 93550","62078","4789",
"860Z200US93551","ZCTA5 93551","119801","11669",
"860Z200US93552","ZCTA5 93552","85954","8022",
"860Z200US93553","ZCTA5 93553","74643","30592",
"860Z200US93554","ZCTA5 93554","-","**",
"860Z200US93555","ZCTA5 93555","86700","9738",
"860Z200US93558","ZCTA5 93558","-","**",
"860Z200US93560","ZCTA5 93560","77431","7986",
"860Z200US93561","ZCTA5 93561","87357","7488",
"860Z200US93562","ZCTA5 93562","65650","13288",
"860Z200US93563","ZCTA5 93563","-","**",
"860Z200US93581","ZCTA5 93581","-","**",
"860Z200US93591","ZCTA5 93591","63389","8018",
"860Z200US93601","ZCTA5 93601","76555","19763",
"860Z200US93602","ZCTA5 93602","78016","9170",
"860Z200US93603","ZCTA5 93603","-","**",
"860Z200US93604","ZCTA5 93604","134357","89186",
"860Z200US93605","ZCTA5 93605","-","**",
"860Z200US93606","ZCTA5 93606","43669","20158",
"860Z200US93608","ZCTA5 93608","42609","21686",
"860Z200US93609","ZCTA5 93609","78750","23718",
"860Z200US93610","ZCTA5 93610","68083","9514",
"860Z200US93611","ZCTA5 93611","110982","6541",
"860Z200US93612","ZCTA5 93612","66683","4725",
"860Z200US93614","ZCTA5 93614","87869","4377",
"860Z200US93615","ZCTA5 93615","59760","17523",
"860Z200US93616","ZCTA5 93616","55221","11042",
"860Z200US93618","ZCTA5 93618","61977","5645",
"860Z200US93619","ZCTA5 93619","136966","10115",
"860Z200US93620","ZCTA5 93620","45456","8624",
"860Z200US93621","ZCTA5 93621","137321","65820",
"860Z200US93622","ZCTA5 93622","48021","3978",
"860Z200US93623","ZCTA5 93623","-","**",
"860Z200US93624","ZCTA5 93624","35417","10170",
"860Z200US93625","ZCTA5 93625","72500","20971",
"860Z200US93626","ZCTA5 93626","173788","27098",
"860Z200US93627","ZCTA5 93627","-","**",
"860Z200US93628","ZCTA5 93628","26274","970",
"860Z200US93630","ZCTA5 93630","58184","12595",
"860Z200US93631","ZCTA5 93631","79228","7356",
"860Z200US93633","ZCTA5 93633","-","**",
"860Z200US93634","ZCTA5 93634","-","**",
"860Z200US93635","ZCTA5 93635","67129","6418",
"860Z200US93636","ZCTA5 93636","133274","16390",
"860Z200US93637","ZCTA5 93637","71724","6306",
"860Z200US93638","ZCTA5 93638","62374","4516",
"860Z200US93640","ZCTA5 93640","49813","7030",
"860Z200US93641","ZCTA5 93641","-","**",
"860Z200US93643","ZCTA5 93643","71082","6665",
"860Z200US93644","ZCTA5 93644","81196","8274",
"860Z200US93645","ZCTA5 93645","79792","13751",
"860Z200US93646","ZCTA5 93646","50847","9787",
"860Z200US93647","ZCTA5 93647","58309","11341",
"860Z200US93648","ZCTA5 93648","52348","5472",
"860Z200US93650","ZCTA5 93650","49031","8115",
"860Z200US93651","ZCTA5 93651","107587","28141",
"860Z200US93652","ZCTA5 93652","44342","12849",
"860Z200US93653","ZCTA5 93653","120568","38199",
"860Z200US93654","ZCTA5 93654","65574","7099",
"860Z200US93656","ZCTA5 93656","72333","11085",
"860Z200US93657","ZCTA5 93657","78904","6647",
"860Z200US93660","ZCTA5 93660","55063","19527",
"860Z200US93662","ZCTA5 93662","61564","5632",
"860Z200US93664","ZCTA5 93664","141786","84427",
"860Z200US93665","ZCTA5 93665","-","**",
"860Z200US93666","ZCTA5 93666","42917","10323",
"860Z200US93667","ZCTA5 93667","75272","15807",
"860Z200US93668","ZCTA5 93668","59861","40935",
"860Z200US93669","ZCTA5 93669","250,000+","***",
"860Z200US93670","ZCTA5 93670","-","**",
"860Z200US93673","ZCTA5 93673","44167","26355",
"860Z200US93675","ZCTA5 93675","49808","28815",
"860Z200US93701","ZCTA5 93701","32768","4340",
"860Z200US93702","ZCTA5 93702","47229","4528",
"860Z200US93703","ZCTA5 93703","48737","5244",
"860Z200US93704","ZCTA5 93704","73234","7195",
"860Z200US93705","ZCTA5 93705","57003","4400",
"860Z200US93706","ZCTA5 93706","40930","5018",
"860Z200US93710","ZCTA5 93710","65851","4835",
"860Z200US93711","ZCTA5 93711","104176","8913",
"860Z200US93720","ZCTA5 93720","105050","4800",
"860Z200US93721","ZCTA5 93721","40033","14226",
"860Z200US93722","ZCTA5 93722","80285","4940",
"860Z200US93723","ZCTA5 93723","128725","11062",
"860Z200US93725","ZCTA5 93725","72232","9830",
"860Z200US93726","ZCTA5 93726","55771","6212",
"860Z200US93727","ZCTA5 93727","87466","5887",
"860Z200US93728","ZCTA5 93728","62986","11991",
"860Z200US93730","ZCTA5 93730","155333","23163",
"860Z200US93737","ZCTA5 93737","127279","40849",
"860Z200US93740","ZCTA5 93740","-","**",
"860Z200US93741","ZCTA5 93741","-","**",
"860Z200US93901","ZCTA5 93901","91233","8075",
"860Z200US93905","ZCTA5 93905","80126","6889",
"860Z200US93906","ZCTA5 93906","97555","4511",
"860Z200US93907","ZCTA5 93907","104942","6272",
"860Z200US93908","ZCTA5 93908","156394","30285",
"860Z200US93920","ZCTA5 93920","76542","45058",
"860Z200US93921","ZCTA5 93921","96923","66358",
"860Z200US93923","ZCTA5 93923","142474","21297",
"860Z200US93924","ZCTA5 93924","148563","37761",
"860Z200US93925","ZCTA5 93925","72604","31572",
"860Z200US93926","ZCTA5 93926","77694","14266",
"860Z200US93927","ZCTA5 93927","82500","7842",
"860Z200US93928","ZCTA5 93928","-","**",
"860Z200US93930","ZCTA5 93930","75577","6559",
"860Z200US93932","ZCTA5 93932","134342","76943",
"860Z200US93933","ZCTA5 93933","99826","6807",
"860Z200US93940","ZCTA5 93940","106044","8317",
"860Z200US93943","ZCTA5 93943","-","**",
"860Z200US93944","ZCTA5 93944","-","**",
"860Z200US93950","ZCTA5 93950","106065","7373",
"860Z200US93953","ZCTA5 93953","142763","27441",
"860Z200US93954","ZCTA5 93954","60417","10630",
"860Z200US93955","ZCTA5 93955","85282","5393",
"860Z200US93960","ZCTA5 93960","96049","7655",
"860Z200US93962","ZCTA5 93962","-","**",
"860Z200US94002","ZCTA5 94002","203965","18616",
"860Z200US94005","ZCTA5 94005","156169","39706",
"860Z200US94010","ZCTA5 94010","196882","14903",
"860Z200US94014","ZCTA5 94014","122966","8736",
"860Z200US94015","ZCTA5 94015","127056","6241",
"860Z200US94018","ZCTA5 94018","230053","95569",
"860Z200US94019","ZCTA5 94019","153781","20814",
"860Z200US94020","ZCTA5 94020","250,000+","***",
"860Z200US94021","ZCTA5 94021","250,000+","***",
"860Z200US94022","ZCTA5 94022","250,000+","***",
"860Z200US94024","ZCTA5 94024","250,000+","***",
"860Z200US94025","ZCTA5 94025","216601","19747",
"860Z200US94027","ZCTA5 94027","250,000+","***",
"860Z200US94028","ZCTA5 94028","250,000+","***",
"860Z200US94030","ZCTA5 94030","163476","11394",
"860Z200US94037","ZCTA5 94037","233826","102824",
"860Z200US94038","ZCTA5 94038","99680","45343",
"860Z200US94040","ZCTA5 94040","187781","15312",
"860Z200US94041","ZCTA5 94041","178558","16925",
"860Z200US94043","ZCTA5 94043","203298","15265",
"860Z200US94044","ZCTA5 94044","160408","13253",
"860Z200US94060","ZCTA5 94060","127973","47180",
"860Z200US94061","ZCTA5 94061","146265","8877",
"860Z200US94062","ZCTA5 94062","233262","19322",
"860Z200US94063","ZCTA5 94063","116760","14596",
"860Z200US94065","ZCTA5 94065","215955","15324",
"860Z200US94066","ZCTA5 94066","141272","9325",
"860Z200US94070","ZCTA5 94070","240074","16440",
"860Z200US94074","ZCTA5 94074","250,000+","***",
"860Z200US94080","ZCTA5 94080","136733","8111",
"860Z200US94085","ZCTA5 94085","192417","12862",
"860Z200US94086","ZCTA5 94086","177054","14779",
"860Z200US94087","ZCTA5 94087","207742","15375",
"860Z200US94089","ZCTA5 94089","158304","10323",
"860Z200US94102","ZCTA5 94102","60431","6778",
"860Z200US94103","ZCTA5 94103","116438","14947",
"860Z200US94104","ZCTA5 94104","-","**",
"860Z200US94105","ZCTA5 94105","225000","27553",
"860Z200US94107","ZCTA5 94107","182897","14016",
"860Z200US94108","ZCTA5 94108","65388","14004",
"860Z200US94109","ZCTA5 94109","106018","10138",
"860Z200US94110","ZCTA5 94110","158351","9782",
"860Z200US94111","ZCTA5 94111","152697","34115",
"860Z200US94112","ZCTA5 94112","135119","9950",
"860Z200US94114","ZCTA5 94114","204134","11903",
"860Z200US94115","ZCTA5 94115","151524","15521",
"860Z200US94116","ZCTA5 94116","158921","8583",
"860Z200US94117","ZCTA5 94117","167066","14388",
"860Z200US94118","ZCTA5 94118","163995","10639",
"860Z200US94121","ZCTA5 94121","133358","11858",
"860Z200US94122","ZCTA5 94122","146250","12113",
"860Z200US94123","ZCTA5 94123","218603","13532",
"860Z200US94124","ZCTA5 94124","80509","7853",
"860Z200US94127","ZCTA5 94127","214167","28557",
"860Z200US94128","ZCTA5 94128","-","**",
"860Z200US94129","ZCTA5 94129","220972","59075",
"860Z200US94130","ZCTA5 94130","93269","26466",
"860Z200US94131","ZCTA5 94131","199211","14209",
"860Z200US94132","ZCTA5 94132","112292","20125",
"860Z200US94133","ZCTA5 94133","87191","10975",
"860Z200US94134","ZCTA5 94134","119567","8368",
"860Z200US94158","ZCTA5 94158","196506","56832",
"860Z200US94188","ZCTA5 94188","-","**",
"860Z200US94301","ZCTA5 94301","242006","10921",
"860Z200US94303","ZCTA5 94303","151609","10205",
"860Z200US94304","ZCTA5 94304","154141","25552",
"860Z200US94305","ZCTA5 94305","83088","25193",
"860Z200US94306","ZCTA5 94306","210000","24403",
"860Z200US94401","ZCTA5 94401","122227","14686",
"860Z200US94402","ZCTA5 94402","172522","19726",
"860Z200US94403","ZCTA5 94403","174917","15671",
"860Z200US94404","ZCTA5 94404","192332","12368",
"860Z200US94501","ZCTA5 94501","127906","9615",
"860Z200US94502","ZCTA5 94502","180938","24098",
"860Z200US94503","ZCTA5 94503","121088","11493",
"860Z200US94505","ZCTA5 94505","146480","19692",
"860Z200US94506","ZCTA5 94506","250,000+","***",
"860Z200US94507","ZCTA5 94507","250,000+","***",
"860Z200US94508","ZCTA5 94508","116667","27321",
"860Z200US94509","ZCTA5 94509","86196","6094",
"860Z200US94510","ZCTA5 94510","121204","7026",
"860Z200US94511","ZCTA5 94511","74972","23097",
"860Z200US94512","ZCTA5 94512","-","**",
"860Z200US94513","ZCTA5 94513","142223","8004",
"860Z200US94514","ZCTA5 94514","76511","26426",
"860Z200US94515","ZCTA5 94515","94464","27138",
"860Z200US94516","ZCTA5 94516","113333","109399",
"860Z200US94517","ZCTA5 94517","168921","10092",
"860Z200US94518","ZCTA5 94518","112094","13193",
"860Z200US94519","ZCTA5 94519","122418","16436",
"860Z200US94520","ZCTA5 94520","82479","3596",
"860Z200US94521","ZCTA5 94521","125899","6693",
"860Z200US94523","ZCTA5 94523","142586","13312",
"860Z200US94525","ZCTA5 94525","110899","13040",
"860Z200US94526","ZCTA5 94526","225097","17641",
"860Z200US94528","ZCTA5 94528","207500","151231",
"860Z200US94530","ZCTA5 94530","128529","8482",
"860Z200US94531","ZCTA5 94531","120927","6683",
"860Z200US94533","ZCTA5 94533","87384","3491",
"860Z200US94534","ZCTA5 94534","140198","11162",
"860Z200US94535","ZCTA5 94535","83879","8756",
"860Z200US94536","ZCTA5 94536","167662","10967",
"860Z200US94538","ZCTA5 94538","147301","6972",
"860Z200US94539","ZCTA5 94539","243552","3596",
"860Z200US94541","ZCTA5 94541","105729","5765",
"860Z200US94542","ZCTA5 94542","133734","11692",
"860Z200US94544","ZCTA5 94544","107785","5555",
"860Z200US94545","ZCTA5 94545","114356","13099",
"860Z200US94546","ZCTA5 94546","128385","6031",
"860Z200US94547","ZCTA5 94547","129397","8414",
"860Z200US94548","ZCTA5 94548","189653","93798",
"860Z200US94549","ZCTA5 94549","234516","25465",
"860Z200US94550","ZCTA5 94550","180295","8738",
"860Z200US94551","ZCTA5 94551","145392","5842",
"860Z200US94552","ZCTA5 94552","212605","21902",
"860Z200US94553","ZCTA5 94553","124130","5655",
"860Z200US94555","ZCTA5 94555","219938","12689",
"860Z200US94556","ZCTA5 94556","215720","21045",
"860Z200US94558","ZCTA5 94558","113269","8498",
"860Z200US94559","ZCTA5 94559","105188","11298",
"860Z200US94560","ZCTA5 94560","169064","9066",
"860Z200US94561","ZCTA5 94561","134678","11614",
"860Z200US94562","ZCTA5 94562","-","**",
"860Z200US94563","ZCTA5 94563","250,000+","***",
"860Z200US94564","ZCTA5 94564","127717","13982",
"860Z200US94565","ZCTA5 94565","95556","5547",
"860Z200US94566","ZCTA5 94566","191155","12471",
"860Z200US94567","ZCTA5 94567","80833","44098",
"860Z200US94568","ZCTA5 94568","214385","9481",
"860Z200US94569","ZCTA5 94569","38929","20037",
"860Z200US94571","ZCTA5 94571","87740","11395",
"860Z200US94572","ZCTA5 94572","91484","17943",
"860Z200US94573","ZCTA5 94573","250,000+","***",
"860Z200US94574","ZCTA5 94574","139474","18121",
"860Z200US94575","ZCTA5 94575","-","**",
"860Z200US94576","ZCTA5 94576","170677","125622",
"860Z200US94577","ZCTA5 94577","108772","7591",
"860Z200US94578","ZCTA5 94578","94084","7600",
"860Z200US94579","ZCTA5 94579","99040","13179",
"860Z200US94580","ZCTA5 94580","110729","6676",
"860Z200US94582","ZCTA5 94582","214677","15912",
"860Z200US94583","ZCTA5 94583","184898","9278",
"860Z200US94585","ZCTA5 94585","94740","7536",
"860Z200US94586","ZCTA5 94586","204931","38759",
"860Z200US94587","ZCTA5 94587","133715","8054",
"860Z200US94588","ZCTA5 94588","191073","11551",
"860Z200US94589","ZCTA5 94589","92735","5213",
"860Z200US94590","ZCTA5 94590","65290","5951",
"860Z200US94591","ZCTA5 94591","104550","5870",
"860Z200US94592","ZCTA5 94592","115536","68172",
"860Z200US94595","ZCTA5 94595","100552","5723",
"860Z200US94596","ZCTA5 94596","135635","11891",
"860Z200US94597","ZCTA5 94597","132063","10884",
"860Z200US94598","ZCTA5 94598","186225","25541",
"860Z200US94599","ZCTA5 94599","80372","14283",
"860Z200US94601","ZCTA5 94601","72359","4545",
"860Z200US94602","ZCTA5 94602","122263","10413",
"860Z200US94603","ZCTA5 94603","76723","5366",
"860Z200US94605","ZCTA5 94605","106068","9457",
"860Z200US94606","ZCTA5 94606","72470","6459",
"860Z200US94607","ZCTA5 94607","94863","13721",
"860Z200US94608","ZCTA5 94608","120239","7015",
"860Z200US94609","ZCTA5 94609","107834","8379",
"860Z200US94610","ZCTA5 94610","134507","6785",
"860Z200US94611","ZCTA5 94611","180549","11228",
"860Z200US94612","ZCTA5 94612","74037","12583",
"860Z200US94613","ZCTA5 94613","-","**",
"860Z200US94618","ZCTA5 94618","201780","20638",
"860Z200US94619","ZCTA5 94619","129867","8095",
"860Z200US94621","ZCTA5 94621","52049","6988",
"860Z200US94702","ZCTA5 94702","99775","10995",
"860Z200US94703","ZCTA5 94703","109881","22705",
"860Z200US94704","ZCTA5 94704","50129","13684",
"860Z200US94705","ZCTA5 94705","167970","5160",
"860Z200US94706","ZCTA5 94706","143398","9816",
"860Z200US94707","ZCTA5 94707","212776","19205",
"860Z200US94708","ZCTA5 94708","234923","11502",
"860Z200US94709","ZCTA5 94709","89054","16297",
"860Z200US94710","ZCTA5 94710","102227","9824",
"860Z200US94720","ZCTA5 94720","-","**",
"860Z200US94801","ZCTA5 94801","81728","7995",
"860Z200US94803","ZCTA5 94803","118447","6983",
"860Z200US94804","ZCTA5 94804","91037","8046",
"860Z200US94805","ZCTA5 94805","111152","11637",
"860Z200US94806","ZCTA5 94806","86034","5064",
"860Z200US94901","ZCTA5 94901","115330","11086",
"860Z200US94903","ZCTA5 94903","142083","17444",
"860Z200US94904","ZCTA5 94904","169118","23868",
"860Z200US94920","ZCTA5 94920","246045","25397",
"860Z200US94922","ZCTA5 94922","-","**",
"860Z200US94923","ZCTA5 94923","147546","91210",
"860Z200US94924","ZCTA5 94924","101458","60464",
"860Z200US94925","ZCTA5 94925","232763","36730",
"860Z200US94928","ZCTA5 94928","99280","5899",
"860Z200US94929","ZCTA5 94929","209536","102706",
"860Z200US94930","ZCTA5 94930","145362","31571",
"860Z200US94931","ZCTA5 94931","101994","21080",
"860Z200US94933","ZCTA5 94933","133006","24293",
"860Z200US94937","ZCTA5 94937","78281","57941",
"860Z200US94938","ZCTA5 94938","-","**",
"860Z200US94939","ZCTA5 94939","203988","51618",
"860Z200US94940","ZCTA5 94940","47021","34111",
"860Z200US94941","ZCTA5 94941","209870","9281",
"860Z200US94945","ZCTA5 94945","107790","14298",
"860Z200US94946","ZCTA5 94946","154688","61023",
"860Z200US94947","ZCTA5 94947","128766","11292",
"860Z200US94949","ZCTA5 94949","120758","8046",
"860Z200US94950","ZCTA5 94950","-","**",
"860Z200US94951","ZCTA5 94951","106332","19697",
"860Z200US94952","ZCTA5 94952","117343","7473",
"860Z200US94954","ZCTA5 94954","113527","7560",
"860Z200US94956","ZCTA5 94956","82205","52436",
"860Z200US94957","ZCTA5 94957","250,000+","***",
"860Z200US94960","ZCTA5 94960","185170","24077",
"860Z200US94963","ZCTA5 94963","210823","104170",
"860Z200US94964","ZCTA5 94964","115192","55895",
"860Z200US94965","ZCTA5 94965","146946","18359",
"860Z200US94970","ZCTA5 94970","132857","122466",
"860Z200US94971","ZCTA5 94971","119028","45923",
"860Z200US94972","ZCTA5 94972","-","**",
"860Z200US94973","ZCTA5 94973","231094","113490",
"860Z200US95002","ZCTA5 95002","121953","40288",
"860Z200US95003","ZCTA5 95003","148412","13912",
"860Z200US95004","ZCTA5 95004","130744","49602",
"860Z200US95005","ZCTA5 95005","104375","28035",
"860Z200US95006","ZCTA5 95006","102167","16139",
"860Z200US95007","ZCTA5 95007","91352","3477",
"860Z200US95008","ZCTA5 95008","141131","8989",
"860Z200US95010","ZCTA5 95010","105236","14728",
"860Z200US95012","ZCTA5 95012","80288","7369",
"860Z200US95013","ZCTA5 95013","173646","68137",
"860Z200US95014","ZCTA5 95014","230913","13761",
"860Z200US95017","ZCTA5 95017","102625","40899",
"860Z200US95018","ZCTA5 95018","129464","21862",
"860Z200US95019","ZCTA5 95019","67474","9350",
"860Z200US95020","ZCTA5 95020","137117","7838",
"860Z200US95023","ZCTA5 95023","116314","6871",
"860Z200US95030","ZCTA5 95030","250,000+","***",
"860Z200US95032","ZCTA5 95032","203727","19481",
"860Z200US95033","ZCTA5 95033","189118","18266",
"860Z200US95035","ZCTA5 95035","178654","10984",
"860Z200US95037","ZCTA5 95037","163182","7385",
"860Z200US95039","ZCTA5 95039","49410","12935",
"860Z200US95041","ZCTA5 95041","96898","87798",
"860Z200US95043","ZCTA5 95043","150441","45062",
"860Z200US95045","ZCTA5 95045","110438","19104",
"860Z200US95046","ZCTA5 95046","158550","25786",
"860Z200US95050","ZCTA5 95050","138466","10420",
"860Z200US95051","ZCTA5 95051","196690","11205",
"860Z200US95053","ZCTA5 95053","-","**",
"860Z200US95054","ZCTA5 95054","207895","15114",
"860Z200US95060","ZCTA5 95060","108591","6028",
"860Z200US95062","ZCTA5 95062","112106","6322",
"860Z200US95064","ZCTA5 95064","121042","48868",
"860Z200US95065","ZCTA5 95065","153222","15827",
"860Z200US95066","ZCTA5 95066","151250","19803",
"860Z200US95070","ZCTA5 95070","250,000+","***",
"860Z200US95073","ZCTA5 95073","118169","4580",
"860Z200US95075","ZCTA5 95075","135417","24192",
"860Z200US95076","ZCTA5 95076","91099","3876",
"860Z200US95110","ZCTA5 95110","131491","25862",
"860Z200US95111","ZCTA5 95111","101435","7881",
"860Z200US95112","ZCTA5 95112","89103","5562",
"860Z200US95113","ZCTA5 95113","151685","30929",
"860Z200US95116","ZCTA5 95116","85818","5931",
"860Z200US95117","ZCTA5 95117","116348","18708",
"860Z200US95118","ZCTA5 95118","152682","18884",
"860Z200US95119","ZCTA5 95119","174375","11532",
"860Z200US95120","ZCTA5 95120","250,000+","***",
"860Z200US95121","ZCTA5 95121","150605","13476",
"860Z200US95122","ZCTA5 95122","103549","8384",
"860Z200US95123","ZCTA5 95123","144276","8457",
"860Z200US95124","ZCTA5 95124","185926","8260",
"860Z200US95125","ZCTA5 95125","160738","14702",
"860Z200US95126","ZCTA5 95126","128983","9601",
"860Z200US95127","ZCTA5 95127","128786","6559",
"860Z200US95128","ZCTA5 95128","131152","10979",
"860Z200US95129","ZCTA5 95129","195708","9036",
"860Z200US95130","ZCTA5 95130","159556","44434",
"860Z200US95131","ZCTA5 95131","170255","14429",
"860Z200US95132","ZCTA5 95132","178611","10104",
"860Z200US95133","ZCTA5 95133","142170","15312",
"860Z200US95134","ZCTA5 95134","203649","15148",
"860Z200US95135","ZCTA5 95135","190750","24722",
"860Z200US95136","ZCTA5 95136","142433","8561",
"860Z200US95138","ZCTA5 95138","204476","19669",
"860Z200US95139","ZCTA5 95139","178790","16413",
"860Z200US95140","ZCTA5 95140","163594","127085",
"860Z200US95148","ZCTA5 95148","167257","10001",
"860Z200US95202","ZCTA5 95202","31020","6032",
"860Z200US95203","ZCTA5 95203","63411","9496",
"860Z200US95204","ZCTA5 95204","75548","5429",
"860Z200US95205","ZCTA5 95205","60325","2938",
"860Z200US95206","ZCTA5 95206","83432","4849",
"860Z200US95207","ZCTA5 95207","69455","5907",
"860Z200US95209","ZCTA5 95209","108675","5631",
"860Z200US95210","ZCTA5 95210","67991","5875",
"860Z200US95211","ZCTA5 95211","-","**",
"860Z200US95212","ZCTA5 95212","111720","13818",
"860Z200US95215","ZCTA5 95215","71888","5365",
"860Z200US95219","ZCTA5 95219","112268","9348",
"860Z200US95220","ZCTA5 95220","114637","12847",
"860Z200US95221","ZCTA5 95221","-","**",
"860Z200US95222","ZCTA5 95222","70930","6893",
"860Z200US95223","ZCTA5 95223","106694","24637",
"860Z200US95224","ZCTA5 95224","46815","11892",
"860Z200US95225","ZCTA5 95225","-","**",
"860Z200US95226","ZCTA5 95226","-","**",
"860Z200US95227","ZCTA5 95227","150750","24083",
"860Z200US95228","ZCTA5 95228","107899","13502",
"860Z200US95230","ZCTA5 95230","128339","34493",
"860Z200US95231","ZCTA5 95231","90417","29723",
"860Z200US95232","ZCTA5 95232","71023","21996",
"860Z200US95233","ZCTA5 95233","50972","15642",
"860Z200US95236","ZCTA5 95236","104703","20027",
"860Z200US95237","ZCTA5 95237","87117","30392",
"860Z200US95240","ZCTA5 95240","82137","4059",
"860Z200US95242","ZCTA5 95242","104721","7765",
"860Z200US95245","ZCTA5 95245","84405","18046",
"860Z200US95246","ZCTA5 95246","98269","60758",
"860Z200US95247","ZCTA5 95247","76333","16351",
"860Z200US95248","ZCTA5 95248","-","**",
"860Z200US95249","ZCTA5 95249","45302","13126",
"860Z200US95251","ZCTA5 95251","127775","77460",
"860Z200US95252","ZCTA5 95252","89651","14506",
"860Z200US95253","ZCTA5 95253","144659","103123",
"860Z200US95254","ZCTA5 95254","-","**",
"860Z200US95255","ZCTA5 95255","51364","45139",
"860Z200US95257","ZCTA5 95257","71437","42399",
"860Z200US95258","ZCTA5 95258","93854","24205",
"860Z200US95301","ZCTA5 95301","68349","2333",
"860Z200US95303","ZCTA5 95303","144375","95681",
"860Z200US95304","ZCTA5 95304","115007","10098",
"860Z200US95305","ZCTA5 95305","-","**",
"860Z200US95306","ZCTA5 95306","81302","23495",
"860Z200US95307","ZCTA5 95307","80627","5008",
"860Z200US95309","ZCTA5 95309","-","**",
"860Z200US95310","ZCTA5 95310","54697","15603",
"860Z200US95311","ZCTA5 95311","56029","37186",
"860Z200US95312","ZCTA5 95312","80625","57111",
"860Z200US95313","ZCTA5 95313","90018","37905",
"860Z200US95315","ZCTA5 95315","71352","10670",
"860Z200US95316","ZCTA5 95316","97764","8254",
"860Z200US95317","ZCTA5 95317","57153","9947",
"860Z200US95318","ZCTA5 95318","57097","12119",
"860Z200US95319","ZCTA5 95319","45400","13329",
"860Z200US95320","ZCTA5 95320","82572","14209",
"860Z200US95321","ZCTA5 95321","74000","11029",
"860Z200US95322","ZCTA5 95322","65761","10405",
"860Z200US95323","ZCTA5 95323","75938","20264",
"860Z200US95324","ZCTA5 95324","76316","11074",
"860Z200US95325","ZCTA5 95325","-","**",
"860Z200US95326","ZCTA5 95326","87500","13800",
"860Z200US95327","ZCTA5 95327","68040","12805",
"860Z200US95328","ZCTA5 95328","62743","35463",
"860Z200US95329","ZCTA5 95329","79500","27285",
"860Z200US95330","ZCTA5 95330","125421","12176",
"860Z200US95333","ZCTA5 95333","62813","15169",
"860Z200US95334","ZCTA5 95334","76277","6853",
"860Z200US95335","ZCTA5 95335","67857","65399",
"860Z200US95336","ZCTA5 95336","89172","6146",
"860Z200US95337","ZCTA5 95337","117137","13174",
"860Z200US95338","ZCTA5 95338","67485","9823",
"860Z200US95340","ZCTA5 95340","71193","7581",
"860Z200US95341","ZCTA5 95341","57342","3754",
"860Z200US95345","ZCTA5 95345","68464","45405",
"860Z200US95346","ZCTA5 95346","92057","33055",
"860Z200US95348","ZCTA5 95348","64944","6632",
"860Z200US95350","ZCTA5 95350","75621","5348",
"860Z200US95351","ZCTA5 95351","58275","2868",
"860Z200US95354","ZCTA5 95354","72879","8876",
"860Z200US95355","ZCTA5 95355","86849","6253",
"860Z200US95356","ZCTA5 95356","96886","10201",
"860Z200US95357","ZCTA5 95357","95707","10480",
"860Z200US95358","ZCTA5 95358","76924","7322",
"860Z200US95360","ZCTA5 95360","79213","8860",
"860Z200US95361","ZCTA5 95361","92963","9571",
"860Z200US95363","ZCTA5 95363","95679","13090",
"860Z200US95364","ZCTA5 95364","-","**",
"860Z200US95365","ZCTA5 95365","39741","11109",
"860Z200US95366","ZCTA5 95366","112097","11977",
"860Z200US95367","ZCTA5 95367","87487","8012",
"860Z200US95368","ZCTA5 95368","94935","8905",
"860Z200US95369","ZCTA5 95369","75750","28625",
"860Z200US95370","ZCTA5 95370","82990","11530",
"860Z200US95372","ZCTA5 95372","97398","53068",
"860Z200US95374","ZCTA5 95374","57538","16778",
"860Z200US95375","ZCTA5 95375","-","**",
"860Z200US95376","ZCTA5 95376","102555","4790",
"860Z200US95377","ZCTA5 95377","158158","10591",
"860Z200US95379","ZCTA5 95379","74230","7319",
"860Z200US95380","ZCTA5 95380","74534","6851",
"860Z200US95382","ZCTA5 95382","95282","5746",
"860Z200US95383","ZCTA5 95383","86970","6382",
"860Z200US95385","ZCTA5 95385","53409","26563",
"860Z200US95386","ZCTA5 95386","73196","12534",
"860Z200US95387","ZCTA5 95387","66857","50501",
"860Z200US95388","ZCTA5 95388","57493","5682",
"860Z200US95389","ZCTA5 95389","51500","33522",
"860Z200US95391","ZCTA5 95391","176952","18256",
"860Z200US95401","ZCTA5 95401","93615","9408",
"860Z200US95403","ZCTA5 95403","98191","7064",
"860Z200US95404","ZCTA5 95404","105437","6077",
"860Z200US95405","ZCTA5 95405","118299","15488",
"860Z200US95407","ZCTA5 95407","82863","6472",
"860Z200US95409","ZCTA5 95409","107867","10420",
"860Z200US95410","ZCTA5 95410","-","**",
"860Z200US95412","ZCTA5 95412","-","**",
"860Z200US95415","ZCTA5 95415","45147","15187",
"860Z200US95417","ZCTA5 95417","-","**",
"860Z200US95419","ZCTA5 95419","-","**",
"860Z200US95420","ZCTA5 95420","-","**",
"860Z200US95421","ZCTA5 95421","78906","12410",
"860Z200US95422","ZCTA5 95422","42241","6194",
"860Z200US95423","ZCTA5 95423","41143","10550",
"860Z200US95425","ZCTA5 95425","119092","14096",
"860Z200US95426","ZCTA5 95426","84000","58782",
"860Z200US95427","ZCTA5 95427","58421","56019",
"860Z200US95428","ZCTA5 95428","46339","12732",
"860Z200US95429","ZCTA5 95429","13333","12873",
"860Z200US95430","ZCTA5 95430","-","**",
"860Z200US95431","ZCTA5 95431","-","**",
"860Z200US95432","ZCTA5 95432","-","**",
"860Z200US95435","ZCTA5 95435","-","**",
"860Z200US95436","ZCTA5 95436","109531","27642",
"860Z200US95437","ZCTA5 95437","57759","8187",
"860Z200US95439","ZCTA5 95439","-","**",
"860Z200US95441","ZCTA5 95441","126806","19497",
"860Z200US95442","ZCTA5 95442","164750","61878",
"860Z200US95443","ZCTA5 95443","-","**",
"860Z200US95444","ZCTA5 95444","105179","81401",
"860Z200US95445","ZCTA5 95445","127206","29689",
"860Z200US95446","ZCTA5 95446","85833","12558",
"860Z200US95448","ZCTA5 95448","105120","7603",
"860Z200US95449","ZCTA5 95449","90469","26891",
"860Z200US95450","ZCTA5 95450","123125","32781",
"860Z200US95451","ZCTA5 95451","62568","7775",
"860Z200US95452","ZCTA5 95452","118986","48446",
"860Z200US95453","ZCTA5 95453","71419","8009",
"860Z200US95454","ZCTA5 95454","42447","11052",
"860Z200US95456","ZCTA5 95456","63750","53420",
"860Z200US95457","ZCTA5 95457","63594","26691",
"860Z200US95458","ZCTA5 95458","57674","8652",
"860Z200US95459","ZCTA5 95459","68700","15026",
"860Z200US95460","ZCTA5 95460","73576","8489",
"860Z200US95461","ZCTA5 95461","78667","14834",
"860Z200US95462","ZCTA5 95462","85536","42816",
"860Z200US95463","ZCTA5 95463","-","**",
"860Z200US95464","ZCTA5 95464","61705","38297",
"860Z200US95465","ZCTA5 95465","120781","18673",
"860Z200US95466","ZCTA5 95466","108013","68049",
"860Z200US95467","ZCTA5 95467","84152","18799",
"860Z200US95468","ZCTA5 95468","115955","19911",
"860Z200US95469","ZCTA5 95469","82683","25369",
"860Z200US95470","ZCTA5 95470","76250","35038",
"860Z200US95471","ZCTA5 95471","-","**",
"860Z200US95472","ZCTA5 95472","108925","8551",
"860Z200US95476","ZCTA5 95476","105374","7478",
"860Z200US95480","ZCTA5 95480","-","**",
"860Z200US95482","ZCTA5 95482","69772","5034",
"860Z200US95485","ZCTA5 95485","104667","39971",
"860Z200US95486","ZCTA5 95486","-","**",
"860Z200US95488","ZCTA5 95488","-","**",
"860Z200US95490","ZCTA5 95490","79594","18348",
"860Z200US95492","ZCTA5 95492","134211","15180",
"860Z200US95493","ZCTA5 95493","74531","19369",
"860Z200US95494","ZCTA5 95494","58650","57649",
"860Z200US95497","ZCTA5 95497","138125","31659",
"860Z200US95501","ZCTA5 95501","54137","5097",
"860Z200US95503","ZCTA5 95503","71855","10115",
"860Z200US95511","ZCTA5 95511","-","**",
"860Z200US95514","ZCTA5 95514","-","**",
"860Z200US95519","ZCTA5 95519","73280","6563",
"860Z200US95521","ZCTA5 95521","53114","8395",
"860Z200US95524","ZCTA5 95524","87500","31038",
"860Z200US95525","ZCTA5 95525","57379","14006",
"860Z200US95526","ZCTA5 95526","39583","9900",
"860Z200US95527","ZCTA5 95527","76667","41448",
"860Z200US95528","ZCTA5 95528","55481","20665",
"860Z200US95531","ZCTA5 95531","67458","8702",
"860Z200US95536","ZCTA5 95536","73375","11958",
"860Z200US95537","ZCTA5 95537","78686","719",
"860Z200US95538","ZCTA5 95538","67024","9394",
"860Z200US95540","ZCTA5 95540","63695","5312",
"860Z200US95542","ZCTA5 95542","46104","8558",
"860Z200US95543","ZCTA5 95543","50203","36766",
"860Z200US95545","ZCTA5 95545","-","**",
"860Z200US95546","ZCTA5 95546","61607","15913",
"860Z200US95547","ZCTA5 95547","96827","34880",
"860Z200US95548","ZCTA5 95548","43333","15912",
"860Z200US95549","ZCTA5 95549","95179","22680",
"860Z200US95550","ZCTA5 95550","104063","19958",
"860Z200US95551","ZCTA5 95551","64519","24943",
"860Z200US95552","ZCTA5 95552","77796","38415",
"860Z200US95553","ZCTA5 95553","41450","30243",
"860Z200US95554","ZCTA5 95554","33125","18510",
"860Z200US95555","ZCTA5 95555","39583","21745",
"860Z200US95556","ZCTA5 95556","-","**",
"860Z200US95558","ZCTA5 95558","51719","38051",
"860Z200US95559","ZCTA5 95559","-","**",
"860Z200US95560","ZCTA5 95560","23720","15195",
"860Z200US95562","ZCTA5 95562","42975","14064",
"860Z200US95563","ZCTA5 95563","62893","30791",
"860Z200US95564","ZCTA5 95564","78750","22426",
"860Z200US95565","ZCTA5 95565","57083","27919",
"860Z200US95567","ZCTA5 95567","102734","45842",
"860Z200US95568","ZCTA5 95568","-","**",
"860Z200US95569","ZCTA5 95569","-","**",
"860Z200US95570","ZCTA5 95570","74777","19370",
"860Z200US95571","ZCTA5 95571","-","**",
"860Z200US95573","ZCTA5 95573","47258","12862",
"860Z200US95585","ZCTA5 95585","36190","7207",
"860Z200US95587","ZCTA5 95587","-","**",
"860Z200US95589","ZCTA5 95589","43040","24848",
"860Z200US95595","ZCTA5 95595","28704","7611",
"860Z200US95601","ZCTA5 95601","94023","902",
"860Z200US95602","ZCTA5 95602","97466","13309",
"860Z200US95603","ZCTA5 95603","85357","7388",
"860Z200US95604","ZCTA5 95604","-","**",
"860Z200US95605","ZCTA5 95605","71924","4680",
"860Z200US95606","ZCTA5 95606","-","**",
"860Z200US95607","ZCTA5 95607","149236","79398",
"860Z200US95608","ZCTA5 95608","86563","4365",
"860Z200US95610","ZCTA5 95610","83327","4376",
"860Z200US95612","ZCTA5 95612","104063","25624",
"860Z200US95613","ZCTA5 95613","-","**",
"860Z200US95614","ZCTA5 95614","133426","29058",
"860Z200US95615","ZCTA5 95615","73406","23623",
"860Z200US95616","ZCTA5 95616","74359","4581",
"860Z200US95618","ZCTA5 95618","115591","10841",
"860Z200US95619","ZCTA5 95619","66429","32284",
"860Z200US95620","ZCTA5 95620","103054","5207",
"860Z200US95621","ZCTA5 95621","80901","7057",
"860Z200US95623","ZCTA5 95623","109102","7208",
"860Z200US95624","ZCTA5 95624","125332","6684",
"860Z200US95625","ZCTA5 95625","86349","13307",
"860Z200US95626","ZCTA5 95626","90897","12902",
"860Z200US95627","ZCTA5 95627","101994","5380",
"860Z200US95628","ZCTA5 95628","115803","5260",
"860Z200US95629","ZCTA5 95629","90469","31352",
"860Z200US95630","ZCTA5 95630","139642","10651",
"860Z200US95631","ZCTA5 95631","104402","15003",
"860Z200US95632","ZCTA5 95632","102239","10990",
"860Z200US95633","ZCTA5 95633","74258","40454",
"860Z200US95634","ZCTA5 95634","57328","37596",
"860Z200US95635","ZCTA5 95635","101250","32565",
"860Z200US95636","ZCTA5 95636","92004","33826",
"860Z200US95637","ZCTA5 95637","-","**",
"860Z200US95638","ZCTA5 95638","91500","23838",
"860Z200US95639","ZCTA5 95639","-","**",
"860Z200US95640","ZCTA5 95640","97000","10339",
"860Z200US95641","ZCTA5 95641","74886","7414",
"860Z200US95642","ZCTA5 95642","81438","9244",
"860Z200US95645","ZCTA5 95645","61652","15041",
"860Z200US95646","ZCTA5 95646","-","**",
"860Z200US95648","ZCTA5 95648","112333","4405",
"860Z200US95650","ZCTA5 95650","117912","15361",
"860Z200US95651","ZCTA5 95651","103537","60508",
"860Z200US95652","ZCTA5 95652","23750","12823",
"860Z200US95653","ZCTA5 95653","-","**",
"860Z200US95655","ZCTA5 95655","143958","18650",
"860Z200US95658","ZCTA5 95658","126581","15658",
"860Z200US95659","ZCTA5 95659","68929","45217",
"860Z200US95660","ZCTA5 95660","68235","3570",
"860Z200US95661","ZCTA5 95661","105925","7508",
"860Z200US95662","ZCTA5 95662","96689","9387",
"860Z200US95663","ZCTA5 95663","155917","49487",
"860Z200US95664","ZCTA5 95664","117901","18735",
"860Z200US95665","ZCTA5 95665","87366","12488",
"860Z200US95666","ZCTA5 95666","84311","8654",
"860Z200US95667","ZCTA5 95667","89938","7667",
"860Z200US95668","ZCTA5 95668","90750","18941",
"860Z200US95669","ZCTA5 95669","89609","19464",
"860Z200US95670","ZCTA5 95670","89484","8069",
"860Z200US95671","ZCTA5 95671","232700","112107",
"860Z200US95672","ZCTA5 95672","146769","24470",
"860Z200US95673","ZCTA5 95673","95824","12370",
"860Z200US95674","ZCTA5 95674","104750","14222",
"860Z200US95675","ZCTA5 95675","-","**",
"860Z200US95676","ZCTA5 95676","-","**",
"860Z200US95677","ZCTA5 95677","105713","5625",
"860Z200US95678","ZCTA5 95678","100554","8138",
"860Z200US95679","ZCTA5 95679","-","**",
"860Z200US95680","ZCTA5 95680","-","**",
"860Z200US95681","ZCTA5 95681","95978","36525",
"860Z200US95682","ZCTA5 95682","122436","9094",
"860Z200US95683","ZCTA5 95683","140457","25623",
"860Z200US95684","ZCTA5 95684","87175","9918",
"860Z200US95685","ZCTA5 95685","83878","20404",
"860Z200US95686","ZCTA5 95686","52109","48477",
"860Z200US95687","ZCTA5 95687","109566","4400",
"860Z200US95688","ZCTA5 95688","118186","8938",
"860Z200US95689","ZCTA5 95689","122936","30947",
"860Z200US95690","ZCTA5 95690","90104","42691",
"860Z200US95691","ZCTA5 95691","104750","8361",
"860Z200US95692","ZCTA5 95692","95877","12872",
"860Z200US95693","ZCTA5 95693","161354","53043",
"860Z200US95694","ZCTA5 95694","109696","20627",
"860Z200US95695","ZCTA5 95695","79486","8299",
"860Z200US95697","ZCTA5 95697","-","**",
"860Z200US95698","ZCTA5 95698","143182","68236",
"860Z200US95699","ZCTA5 95699","250,000+","***",
"860Z200US95701","ZCTA5 95701","98125","10940",
"860Z200US95703","ZCTA5 95703","100214","9415",
"860Z200US95709","ZCTA5 95709","79780","13479",
"860Z200US95713","ZCTA5 95713","87839","10833",
"860Z200US95714","ZCTA5 95714","95795","33525",
"860Z200US95715","ZCTA5 95715","163625","641",
"860Z200US95717","ZCTA5 95717","-","**",
"860Z200US95720","ZCTA5 95720","-","**",
"860Z200US95721","ZCTA5 95721","-","**",
"860Z200US95722","ZCTA5 95722","125625","40375",
"860Z200US95726","ZCTA5 95726","91128","7602",
"860Z200US95728","ZCTA5 95728","89375","45589",
"860Z200US95735","ZCTA5 95735","111125","20434",
"860Z200US95736","ZCTA5 95736","190670","110980",
"860Z200US95742","ZCTA5 95742","155855","9404",
"860Z200US95746","ZCTA5 95746","183305","23938",
"860Z200US95747","ZCTA5 95747","136750","4503",
"860Z200US95757","ZCTA5 95757","138198","4848",
"860Z200US95758","ZCTA5 95758","117017","5929",
"860Z200US95762","ZCTA5 95762","165467","13028",
"860Z200US95765","ZCTA5 95765","138090","11622",
"860Z200US95776","ZCTA5 95776","106698","6275",
"860Z200US95811","ZCTA5 95811","80827","8019",
"860Z200US95814","ZCTA5 95814","58284","11872",
"860Z200US95815","ZCTA5 95815","60097","3345",
"860Z200US95816","ZCTA5 95816","90839","7728",
"860Z200US95817","ZCTA5 95817","64212","8669",
"860Z200US95818","ZCTA5 95818","118196","12605",
"860Z200US95819","ZCTA5 95819","136306","13774",
"860Z200US95820","ZCTA5 95820","78436","3591",
"860Z200US95821","ZCTA5 95821","64963","5667",
"860Z200US95822","ZCTA5 95822","86801","5451",
"860Z200US95823","ZCTA5 95823","66895","4047",
"860Z200US95824","ZCTA5 95824","56477","4344",
"860Z200US95825","ZCTA5 95825","64602","5914",
"860Z200US95826","ZCTA5 95826","82127","10069",
"860Z200US95827","ZCTA5 95827","85841","3925",
"860Z200US95828","ZCTA5 95828","81778","3141",
"860Z200US95829","ZCTA5 95829","105395","8107",
"860Z200US95830","ZCTA5 95830","135938","102257",
"860Z200US95831","ZCTA5 95831","100751","5199",
"860Z200US95832","ZCTA5 95832","82318","22083",
"860Z200US95833","ZCTA5 95833","97792","5609",
"860Z200US95834","ZCTA5 95834","101260","7486",
"860Z200US95835","ZCTA5 95835","114468","3414",
"860Z200US95837","ZCTA5 95837","193500","60102",
"860Z200US95838","ZCTA5 95838","68349","3502",
"860Z200US95841","ZCTA5 95841","61054","5163",
"860Z200US95842","ZCTA5 95842","68276","4381",
"860Z200US95843","ZCTA5 95843","98274","5152",
"860Z200US95864","ZCTA5 95864","127953","10420",
"860Z200US95901","ZCTA5 95901","69776","3771",
"860Z200US95903","ZCTA5 95903","60122","8862",
"860Z200US95910","ZCTA5 95910","-","**",
"860Z200US95912","ZCTA5 95912","86457","14169",
"860Z200US95913","ZCTA5 95913","121912","87693",
"860Z200US95914","ZCTA5 95914","102188","49970",
"860Z200US95915","ZCTA5 95915","-","**",
"860Z200US95916","ZCTA5 95916","28333","13639",
"860Z200US95917","ZCTA5 95917","90563","16167",
"860Z200US95918","ZCTA5 95918","56750","47817",
"860Z200US95919","ZCTA5 95919","-","**",
"860Z200US95920","ZCTA5 95920","-","**",
"860Z200US95922","ZCTA5 95922","36528","16653",
"860Z200US95923","ZCTA5 95923","-","**",
"860Z200US95925","ZCTA5 95925","-","**",
"860Z200US95926","ZCTA5 95926","61920","8047",
"860Z200US95928","ZCTA5 95928","64949","5296",
"860Z200US95929","ZCTA5 95929","-","**",
"860Z200US95930","ZCTA5 95930","2,500-","***",
"860Z200US95932","ZCTA5 95932","66964","10721",
"860Z200US95934","ZCTA5 95934","-","**",
"860Z200US95935","ZCTA5 95935","54110","38397",
"860Z200US95936","ZCTA5 95936","-","**",
"860Z200US95937","ZCTA5 95937","-","**",
"860Z200US95938","ZCTA5 95938","82974","28272",
"860Z200US95939","ZCTA5 95939","40568","23036",
"860Z200US95941","ZCTA5 95941","-","**",
"860Z200US95942","ZCTA5 95942","116400","66724",
"860Z200US95943","ZCTA5 95943","49744","43263",
"860Z200US95944","ZCTA5 95944","-","**",
"860Z200US95945","ZCTA5 95945","65989","4438",
"860Z200US95946","ZCTA5 95946","84795","11947",
"860Z200US95947","ZCTA5 95947","82500","25122",
"860Z200US95948","ZCTA5 95948","60294","6165",
"860Z200US95949","ZCTA5 95949","98181","6942",
"860Z200US95950","ZCTA5 95950","-","**",
"860Z200US95951","ZCTA5 95951","70294","10489",
"860Z200US95953","ZCTA5 95953","74786","18702",
"860Z200US95954","ZCTA5 95954","61280","8648",
"860Z200US95955","ZCTA5 95955","-","**",
"860Z200US95956","ZCTA5 95956","61324","12375",
"860Z200US95957","ZCTA5 95957","78333","14982",
"860Z200US95958","ZCTA5 95958","-","**",
"860Z200US95959","ZCTA5 95959","86524","10307",
"860Z200US95960","ZCTA5 95960","52917","24652",
"860Z200US95961","ZCTA5 95961","89561","3516",
"860Z200US95962","ZCTA5 95962","77903","38332",
"860Z200US95963","ZCTA5 95963","68091","4619",
"860Z200US95965","ZCTA5 95965","53198","4913",
"860Z200US95966","ZCTA5 95966","65586","6123",
"860Z200US95968","ZCTA5 95968","42000","21774",
"860Z200US95969","ZCTA5 95969","69067","13221",
"860Z200US95970","ZCTA5 95970","69000","24538",
"860Z200US95971","ZCTA5 95971","83269","23257",
"860Z200US95972","ZCTA5 95972","-","**",
"860Z200US95973","ZCTA5 95973","92813","6584",
"860Z200US95974","ZCTA5 95974","-","**",
"860Z200US95975","ZCTA5 95975","103216","29381",
"860Z200US95977","ZCTA5 95977","104545","26906",
"860Z200US95978","ZCTA5 95978","-","**",
"860Z200US95979","ZCTA5 95979","24766","21972",
"860Z200US95981","ZCTA5 95981","91016","86121",
"860Z200US95982","ZCTA5 95982","96224","18852",
"860Z200US95983","ZCTA5 95983","54968","38374",
"860Z200US95984","ZCTA5 95984","-","**",
"860Z200US95986","ZCTA5 95986","-","**",
"860Z200US95987","ZCTA5 95987","95122","21937",
"860Z200US95988","ZCTA5 95988","66339","11854",
"860Z200US95991","ZCTA5 95991","70590","7244",
"860Z200US95993","ZCTA5 95993","93763","7182",
"860Z200US96001","ZCTA5 96001","72484","4894",
"860Z200US96002","ZCTA5 96002","73222","7377",
"860Z200US96003","ZCTA5 96003","72445","3153",
"860Z200US96006","ZCTA5 96006","46094","11241",
"860Z200US96007","ZCTA5 96007","61357","10003",
"860Z200US96008","ZCTA5 96008","92313","33665",
"860Z200US96009","ZCTA5 96009","-","**",
"860Z200US96010","ZCTA5 96010","28958","19732",
"860Z200US96011","ZCTA5 96011","25208","5806",
"860Z200US96013","ZCTA5 96013","53688","7875",
"860Z200US96014","ZCTA5 96014","-","**",
"860Z200US96015","ZCTA5 96015","45991","1845",
"860Z200US96016","ZCTA5 96016","54526","33830",
"860Z200US96017","ZCTA5 96017","48500","42114",
"860Z200US96019","ZCTA5 96019","67446","14151",
"860Z200US96020","ZCTA5 96020","50489","18930",
"860Z200US96021","ZCTA5 96021","59592","8684",
"860Z200US96022","ZCTA5 96022","89338","7278",
"860Z200US96023","ZCTA5 96023","47237","5004",
"860Z200US96024","ZCTA5 96024","43750","25402",
"860Z200US96025","ZCTA5 96025","46036","6462",
"860Z200US96027","ZCTA5 96027","64308","9234",
"860Z200US96028","ZCTA5 96028","76295","20736",
"860Z200US96029","ZCTA5 96029","85682","64024",
"860Z200US96031","ZCTA5 96031","-","**",
"860Z200US96032","ZCTA5 96032","72951","7470",
"860Z200US96033","ZCTA5 96033","44375","23973",
"860Z200US96034","ZCTA5 96034","73750","25754",
"860Z200US96035","ZCTA5 96035","49760","13932",
"860Z200US96037","ZCTA5 96037","117379","104924",
"860Z200US96038","ZCTA5 96038","59435","9983",
"860Z200US96039","ZCTA5 96039","41813","19639",
"860Z200US96040","ZCTA5 96040","-","**",
"860Z200US96041","ZCTA5 96041","-","**",
"860Z200US96044","ZCTA5 96044","51688","9225",
"860Z200US96046","ZCTA5 96046","-","**",
"860Z200US96047","ZCTA5 96047","-","**",
"860Z200US96048","ZCTA5 96048","50521","23677",
"860Z200US96050","ZCTA5 96050","40909","7927",
"860Z200US96051","ZCTA5 96051","69688","10995",
"860Z200US96052","ZCTA5 96052","37222","7744",
"860Z200US96054","ZCTA5 96054","-","**",
"860Z200US96055","ZCTA5 96055","59798","17822",
"860Z200US96056","ZCTA5 96056","61442","46143",
"860Z200US96057","ZCTA5 96057","50179","9984",
"860Z200US96058","ZCTA5 96058","47266","10148",
"860Z200US96059","ZCTA5 96059","-","**",
"860Z200US96061","ZCTA5 96061","-","**",
"860Z200US96062","ZCTA5 96062","129688","29565",
"860Z200US96063","ZCTA5 96063","-","**",
"860Z200US96064","ZCTA5 96064","61157","6344",
"860Z200US96065","ZCTA5 96065","61250","54735",
"860Z200US96067","ZCTA5 96067","65000","8975",
"860Z200US96068","ZCTA5 96068","-","**",
"860Z200US96069","ZCTA5 96069","71250","37561",
"860Z200US96071","ZCTA5 96071","-","**",
"860Z200US96073","ZCTA5 96073","120469","16098",
"860Z200US96074","ZCTA5 96074","51346","16680",
"860Z200US96075","ZCTA5 96075","-","**",
"860Z200US96076","ZCTA5 96076","29156","1296",
"860Z200US96078","ZCTA5 96078","-","**",
"860Z200US96080","ZCTA5 96080","66076","6065",
"860Z200US96084","ZCTA5 96084","60769","13921",
"860Z200US96085","ZCTA5 96085","105179","88057",
"860Z200US96086","ZCTA5 96086","88750","58826",
"860Z200US96087","ZCTA5 96087","110375","30907",
"860Z200US96088","ZCTA5 96088","65958","14160",
"860Z200US96090","ZCTA5 96090","70893","15599",
"860Z200US96091","ZCTA5 96091","61058","16673",
"860Z200US96092","ZCTA5 96092","40855","8547",
"860Z200US96093","ZCTA5 96093","65741","27745",
"860Z200US96094","ZCTA5 96094","68103","11864",
"860Z200US96096","ZCTA5 96096","64444","24647",
"860Z200US96097","ZCTA5 96097","53059","10628",
"860Z200US96101","ZCTA5 96101","61680","6197",
"860Z200US96103","ZCTA5 96103","82589","40355",
"860Z200US96104","ZCTA5 96104","52794","5212",
"860Z200US96105","ZCTA5 96105","122750","103521",
"860Z200US96106","ZCTA5 96106","-","**",
"860Z200US96107","ZCTA5 96107","61563","46248",
"860Z200US96108","ZCTA5 96108","-","**",
"860Z200US96109","ZCTA5 96109","43988","18194",
"860Z200US96110","ZCTA5 96110","78333","33802",
"860Z200US96111","ZCTA5 96111","-","**",
"860Z200US96112","ZCTA5 96112","-","**",
"860Z200US96113","ZCTA5 96113","67083","33603",
"860Z200US96114","ZCTA5 96114","79688","15811",
"860Z200US96115","ZCTA5 96115","71719","36177",
"860Z200US96116","ZCTA5 96116","-","**",
"860Z200US96117","ZCTA5 96117","104583","85330",
"860Z200US96118","ZCTA5 96118","54167","17189",
"860Z200US96119","ZCTA5 96119","-","**",
"860Z200US96120","ZCTA5 96120","100417","17869",
"860Z200US96121","ZCTA5 96121","58021","21356",
"860Z200US96122","ZCTA5 96122","54205","10610",
"860Z200US96123","ZCTA5 96123","41563","3642",
"860Z200US96124","ZCTA5 96124","205893","127694",
"860Z200US96125","ZCTA5 96125","95554","22023",
"860Z200US96126","ZCTA5 96126","-","**",
"860Z200US96128","ZCTA5 96128","91012","14575",
"860Z200US96129","ZCTA5 96129","52381","12659",
"860Z200US96130","ZCTA5 96130","72465","6546",
"860Z200US96132","ZCTA5 96132","68472","32289",
"860Z200US96133","ZCTA5 96133","-","**",
"860Z200US96134","ZCTA5 96134","49674","9477",
"860Z200US96135","ZCTA5 96135","-","**",
"860Z200US96136","ZCTA5 96136","-","**",
"860Z200US96137","ZCTA5 96137","65896","4219",
"860Z200US96140","ZCTA5 96140","181875","120419",
"860Z200US96141","ZCTA5 96141","125662","12262",
"860Z200US96142","ZCTA5 96142","95341","34587",
"860Z200US96143","ZCTA5 96143","69922","26167",
"860Z200US96145","ZCTA5 96145","112875","29009",
"860Z200US96146","ZCTA5 96146","160833","65726",
"860Z200US96148","ZCTA5 96148","103750","42225",
"860Z200US96150","ZCTA5 96150","92517","7436",
"860Z200US96155","ZCTA5 96155","-","**",
"860Z200US96161","ZCTA5 96161","131702","18746",
"860Z200US97635","ZCTA5 97635","86172","4578",
